/*
 * aboutdata.c - binary data as C arrays, generated by c/tools/bin2c.py; do not edit.
 *
 *   about_scrollertxt: ../src/abouttext.bin (544 bytes)
 *   about_picturebody: ../src/bodyraw.bin (31146 bytes)
 *   about_palette: ../src/cmapraw.bin (204 bytes)
 */
#include <exec/types.h>

const UBYTE about_scrollertxt[544] = {
	0x4e, 0x61, 0x6a, 0x61, 0x6b, 0x6f, 0x74, 0x69, 0x76, 0x61, 0x20, 0x53,
	0x6f, 0x66, 0x74, 0x77, 0x61, 0x72, 0x65, 0x20, 0x70, 0x72, 0x65, 0x73,
	0x65, 0x6e, 0x74, 0x73, 0x2e, 0x2e, 0x2e, 0x20, 0x61, 0x20, 0x6e, 0x65,
	0x77, 0x20, 0x72, 0x65, 0x6c, 0x65, 0x61, 0x73, 0x65, 0x20, 0x6f, 0x66,
	0x20, 0x6d, 0x69, 0x64, 0x69, 0x49, 0x6e, 0x20, 0x2d, 0x20, 0x4d, 0x49,
	0x44, 0x49, 0x2d, 0x63, 0x6f, 0x6e, 0x74, 0x72, 0x6f, 0x6c, 0x6c, 0x65,
	0x64, 0x2c, 0x20, 0x69, 0x6e, 0x74, 0x75, 0x69, 0x74, 0x69, 0x76, 0x65,
	0x20, 0x73, 0x61, 0x6d, 0x70, 0x6c, 0x65, 0x20, 0x70, 0x6c, 0x61, 0x79,
	0x65, 0x72, 0x20, 0x66, 0x6f, 0x72, 0x20, 0x41, 0x6d, 0x69, 0x67, 0x61,
	0x21, 0x20, 0x20, 0x20, 0x44, 0x65, 0x73, 0x69, 0x67, 0x6e, 0x20, 0x61,
	0x6e, 0x64, 0x20, 0x70, 0x72, 0x6f, 0x67, 0x72, 0x61, 0x6d, 0x6d, 0x69,
	0x6e, 0x67, 0x3a, 0x20, 0x52, 0x61, 0x66, 0x61, 0x6c, 0x20, 0x27, 0x52,
	0x6f, 0x79, 0x61, 0x6c, 0x27, 0x20, 0x4d, 0x69, 0x63, 0x68, 0x61, 0x6c,
	0x73, 0x6b, 0x69, 0x2c, 0x20, 0x69, 0x64, 0x65, 0x61, 0x2c, 0x20, 0x62,
	0x65, 0x74, 0x61, 0x2d, 0x74, 0x65, 0x73, 0x74, 0x69, 0x6e, 0x67, 0x20,
	0x61, 0x6e, 0x64, 0x20, 0x64, 0x6f, 0x63, 0x75, 0x6d, 0x65, 0x6e, 0x74,
	0x61, 0x74, 0x69, 0x6f, 0x6e, 0x3a, 0x20, 0x53, 0x65, 0x62, 0x61, 0x73,
	0x74, 0x69, 0x61, 0x6e, 0x20, 0x57, 0x69, 0x74, 0x6b, 0x6f, 0x77, 0x73,
	0x6b, 0x69, 0x2e, 0x20, 0x41, 0x64, 0x64, 0x69, 0x74, 0x69, 0x6f, 0x6e,
	0x61, 0x6c, 0x20, 0x62, 0x65, 0x74, 0x61, 0x2d, 0x74, 0x65, 0x73, 0x74,
	0x69, 0x6e, 0x67, 0x3a, 0x20, 0x44, 0x61, 0x6e, 0x69, 0x65, 0x6c, 0x20,
	0x47, 0x61, 0x67, 0x6e, 0x6f, 0x6e, 0x2e, 0x20, 0x20, 0x54, 0x68, 0x69,
	0x73, 0x20, 0x70, 0x72, 0x6f, 0x67, 0x72, 0x61, 0x6d, 0x20, 0x69, 0x73,
	0x20, 0x66, 0x75, 0x6c, 0x6c, 0x79, 0x20, 0x77, 0x6f, 0x72, 0x6b, 0x69,
	0x6e, 0x67, 0x20, 0x61, 0x6e, 0x64, 0x20, 0x69, 0x74, 0x27, 0x73, 0x20,
	0x46, 0x52, 0x45, 0x45, 0x21, 0x21, 0x21, 0x20, 0x53, 0x70, 0x72, 0x65,
	0x61, 0x64, 0x20, 0x69, 0x74, 0x20, 0x61, 0x6c, 0x6c, 0x20, 0x61, 0x72,
	0x6f, 0x75, 0x6e, 0x64, 0x20, 0x74, 0x68, 0x65, 0x20, 0x77, 0x6f, 0x72,
	0x6c, 0x64, 0x2c, 0x20, 0x61, 0x2d, 0x72, 0x6f, 0x75, 0x6e, 0x64, 0x2d,
	0x74, 0x68, 0x65, 0x2d, 0x77, 0x6f, 0x2d, 0x6f, 0x72, 0x6c, 0x64, 0x21,
	0x20, 0x43, 0x68, 0x65, 0x63, 0x6b, 0x20, 0x69, 0x74, 0x20, 0x6f, 0x75,
	0x74, 0x2c, 0x20, 0x75, 0x73, 0x65, 0x20, 0x69, 0x74, 0x20, 0x61, 0x6e,
	0x64, 0x20, 0x62, 0x65, 0x20, 0x63, 0x72, 0x65, 0x61, 0x74, 0x69, 0x76,
	0x65, 0x21, 0x21, 0x21, 0x20, 0x41, 0x6e, 0x64, 0x20, 0x72, 0x65, 0x6d,
	0x65, 0x6d, 0x62, 0x65, 0x72, 0x2e, 0x2e, 0x2e, 0x20, 0x20, 0x20, 0x53,
	0x4d, 0x41, 0x53, 0x48, 0x20, 0x54, 0x48, 0x45, 0x20, 0x57, 0x49, 0x4e,
	0x44, 0x4f, 0x57, 0x53, 0x20, 0x50, 0x52, 0x4f, 0x50, 0x41, 0x47, 0x41,
	0x4e, 0x44, 0x41, 0x21, 0x20, 0x20, 0x20, 0x53, 0x4d, 0x41, 0x53, 0x48,
	0x20, 0x54, 0x48, 0x45, 0x20, 0x57, 0x49, 0x4e, 0x44, 0x4f, 0x57, 0x53,
	0x20, 0x50, 0x52, 0x4f, 0x50, 0x41, 0x47, 0x41, 0x4e, 0x44, 0x41, 0x21,
	0x20, 0x20, 0x20, 0x53, 0x4d, 0x41, 0x53, 0x48, 0x20, 0x54, 0x48, 0x45,
	0x20, 0x57, 0x49, 0x4e, 0x44, 0x4f, 0x57, 0x53, 0x20, 0x50, 0x52, 0x4f,
	0x50, 0x41, 0x47, 0x41, 0x4e, 0x44, 0x41, 0x21, 0x20, 0x20, 0x20, 0x20,
	0x20, 0x20, 0x20, 0x20, 0x20, 0x20, 0x20, 0x20, 0x20, 0x20, 0x20, 0x20,
	0x20, 0x20, 0x20, 0x20, 0x20, 0x20, 0x20, 0x20, 0x20, 0x20, 0x20, 0x20,
	0x20, 0x20, 0x20, 0x00,
};
const ULONG about_scrollertxt_size = 544;

const UBYTE about_picturebody[31146] = {
	0x03, 0xa8, 0x8a, 0x02, 0x22, 0xfc, 0xaa, 0xff, 0xa8, 0x14, 0x88, 0xaa,
	0xaa, 0x40, 0x5d, 0xbc, 0x40, 0x28, 0x88, 0x80, 0xaa, 0xaa, 0x04, 0x00,
	0xa8, 0xaa, 0xaa, 0x00, 0x55, 0x48, 0x00, 0x03, 0xa8, 0x8a, 0x02, 0x22,
	0xfc, 0xaa, 0x09, 0xa8, 0xaa, 0xa8, 0xaa, 0xaa, 0x40, 0x5d, 0xbc, 0x40,
	0x2a, 0xfd, 0xaa, 0x08, 0x04, 0x2a, 0xa8, 0xaa, 0xaa, 0x00, 0x55, 0x4a,
	0xaa, 0x03, 0xa8, 0x8a, 0x02, 0x22, 0xfc, 0xaa, 0x09, 0xa8, 0xaa, 0xa8,
	0xaa, 0xaa, 0x40, 0x55, 0x14, 0x40, 0x2a, 0xfd, 0xaa, 0x08, 0x04, 0x2a,
	0xa8, 0xaa, 0xaa, 0x00, 0x5f, 0xca, 0xaa, 0xff, 0x00, 0x01, 0xa8, 0x88,
	0xf7, 0x00, 0x04, 0xaa, 0xa2, 0x42, 0xaa, 0x80, 0xfd, 0x00, 0x01, 0xaa,
	0x80, 0xfe, 0x00, 0x03, 0xaa, 0xa0, 0x20, 0x00, 0xe1, 0x00, 0xe1, 0x00,
	0x1f, 0xd0, 0x05, 0xbd, 0xd4, 0x44, 0x44, 0x4a, 0xaa, 0x44, 0x00, 0x12,
	0x42, 0x95, 0x52, 0xb5, 0xfb, 0xb9, 0xd5, 0xc0, 0x00, 0x00, 0x04, 0x05,
	0xdb, 0x40, 0x04, 0x44, 0x45, 0xbd, 0xaa, 0x30, 0x00, 0x1f, 0xd0, 0x05,
	0xbd, 0xd4, 0x44, 0x44, 0x5f, 0xfe, 0xc4, 0x00, 0x76, 0xeb, 0xbf, 0xf6,
	0xf5, 0xfb, 0xb9, 0xd5, 0xc0, 0x00, 0x00, 0x04, 0x05, 0xdb, 0xd4, 0x44,
	0x44, 0x5d, 0xbd, 0xaa, 0x34, 0x45, 0x1f, 0xd0, 0x05, 0xbd, 0xd4, 0x44,
	0x44, 0x5f, 0xfe, 0xc4, 0x00, 0x76, 0xeb, 0xbf, 0xf6, 0xf5, 0xfb, 0xb9,
	0xd5, 0xc0, 0x00, 0x00, 0x04, 0x05, 0xdb, 0xd4, 0x44, 0x44, 0x5d, 0xbd,
	0xaa, 0x34, 0x45, 0xff, 0x00, 0x00, 0x40, 0xf7, 0x00, 0x03, 0x09, 0x00,
	0x04, 0x44, 0xfb, 0x00, 0x00, 0x04, 0xfd, 0x00, 0x03, 0x40, 0x55, 0xc0,
	0x00, 0xe1, 0x00, 0xe1, 0x00, 0x1f, 0xa8, 0x28, 0x00, 0x02, 0x22, 0x22,
	0x2e, 0x09, 0x62, 0x22, 0x64, 0x8a, 0x24, 0x01, 0xda, 0x28, 0x08, 0x88,
	0x8a, 0x80, 0x00, 0x2a, 0xaa, 0x80, 0xa0, 0x2a, 0xaa, 0x2a, 0x08, 0x01,
	0x4a, 0x00, 0x17, 0xa8, 0x28, 0x00, 0x42, 0x22, 0x22, 0x6a, 0x0b, 0x62,
	0x23, 0x64, 0x8a, 0x24, 0x01, 0x7a, 0x38, 0x08, 0x88, 0x8a, 0xa2, 0xa2,
	0xaa, 0xaa, 0x00, 0xfe, 0xaa, 0x04, 0x2e, 0x08, 0x01, 0x4a, 0xaa, 0x17,
	0xa8, 0x28, 0x00, 0x42, 0x22, 0x22, 0x6e, 0x0b, 0x62, 0x23, 0x64, 0x8a,
	0x24, 0x01, 0xfa, 0x38, 0x08, 0x88, 0x8a, 0xa2, 0xa2, 0xaa, 0xaa, 0x80,
	0xfe, 0xaa, 0x04, 0x2e, 0x08, 0x01, 0x4a, 0xaa, 0x12, 0x00, 0x02, 0xaa,
	0xa8, 0x88, 0x88, 0x81, 0xf4, 0x08, 0x00, 0x1b, 0x75, 0xdb, 0xfe, 0x00,
	0x82, 0xa2, 0x22, 0x20, 0xfd, 0x00, 0x00, 0x2a, 0xfe, 0x00, 0x04, 0x80,
	0xa2, 0xaa, 0xa0, 0x00, 0xe1, 0x00, 0xe1, 0x00, 0x12, 0x40, 0x06, 0xaa,
	0x40, 0x01, 0x00, 0x20, 0x10, 0x90, 0x01, 0x80, 0x04, 0x00, 0x04, 0x08,
	0x50, 0x40, 0x01, 0x50, 0xfe, 0x00, 0x09, 0x15, 0xff, 0x00, 0x00, 0x05,
	0xf5, 0x74, 0xf7, 0xf0, 0x00, 0x0a, 0x40, 0x06, 0xaa, 0x45, 0x01, 0x00,
	0x27, 0xf8, 0xb0, 0x01, 0xbf, 0xfe, 0xff, 0x04, 0x88, 0x50, 0x45, 0x51,
	0x50, 0xfe, 0x00, 0x09, 0x15, 0xff, 0x30, 0x10, 0x05, 0xff, 0x74, 0xf7,
	0xf0, 0x01, 0x12, 0x40, 0x06, 0xaa, 0x45, 0x01, 0x00, 0x27, 0xec, 0xb0,
	0x01, 0xbf, 0xfb, 0xff, 0xff, 0x88, 0x50, 0x45, 0x51, 0x50, 0xfe, 0x00,
	0x09, 0x15, 0xff, 0x30, 0x10, 0x05, 0xff, 0x74, 0xf7, 0xf0, 0x01, 0x02,
	0x00, 0x01, 0x55, 0xfe, 0x10, 0x0a, 0x1f, 0xeb, 0x00, 0x00, 0x7f, 0xfb,
	0xff, 0xff, 0xe1, 0x05, 0x10, 0xfa, 0x00, 0x04, 0x40, 0x00, 0x10, 0x00,
	0x01, 0xfe, 0x00, 0xfa, 0x00, 0x00, 0x10, 0xfe, 0x00, 0x00, 0x04, 0xed,
	0x00, 0xe1, 0x00, 0x0a, 0xa8, 0x88, 0x00, 0x28, 0xaa, 0xaa, 0xc7, 0xfc,
	0xa8, 0x01, 0x7f, 0xfe, 0xff, 0x11, 0x96, 0x82, 0x08, 0x88, 0x22, 0xa8,
	0x88, 0xa8, 0xa2, 0x22, 0x28, 0x08, 0xaa, 0x00, 0xa0, 0x22, 0x2a, 0x80,
	0xff, 0xa8, 0x1d, 0x00, 0x28, 0xaa, 0xea, 0xaa, 0xde, 0xea, 0x56, 0x46,
	0x3b, 0x4e, 0xdd, 0xde, 0x82, 0x08, 0x88, 0x22, 0xaa, 0xaa, 0xa8, 0xa2,
	0x22, 0x2a, 0xa8, 0xea, 0x00, 0xa0, 0x22, 0x2a, 0xaa, 0xff, 0xa8, 0x1d,
	0x00, 0x28, 0xaa, 0xea, 0xec, 0x02, 0xea, 0x57, 0x30, 0x80, 0x21, 0x00,
	0x5e, 0x82, 0x08, 0x88, 0x22, 0xaa, 0xaa, 0xa8, 0xa0, 0x22, 0x2a, 0xa8,
	0xea, 0x00, 0xa0, 0x22, 0x2a, 0xaa, 0x1f, 0x00, 0x02, 0xaa, 0x82, 0x00,
	0x00, 0x1c, 0x07, 0x00, 0x00, 0xb0, 0x80, 0x21, 0x00, 0xe0, 0x28, 0xa2,
	0x22, 0x88, 0x00, 0x00, 0x02, 0x0a, 0x88, 0x80, 0x02, 0x00, 0xaa, 0x0a,
	0x88, 0x80, 0x00, 0xfb, 0x00, 0x08, 0x05, 0x24, 0x00, 0x00, 0x79, 0xc4,
	0xb1, 0x22, 0x80, 0xf0, 0x00, 0xfb, 0x00, 0x07, 0x02, 0xd8, 0x00, 0x00,
	0x06, 0x3b, 0x4e, 0xdd, 0xef, 0x00, 0x1f, 0x40, 0x0e, 0x89, 0x04, 0x04,
	0x44, 0xcf, 0xfe, 0x95, 0xaa, 0x7f, 0x7f, 0xdf, 0xff, 0xdd, 0xbd, 0xc4,
	0x45, 0x1c, 0xc4, 0x00, 0x04, 0x1b, 0xd5, 0x40, 0x00, 0x45, 0xd4, 0x01,
	0x44, 0x54, 0x00, 0x1f, 0x40, 0x0e, 0xa9, 0x04, 0x06, 0x44, 0xd8, 0x00,
	0xc5, 0xaa, 0xc0, 0x80, 0x00, 0x00, 0x3b, 0x7d, 0xdd, 0x55, 0x1c, 0xc4,
	0x44, 0x44, 0x1b, 0x95, 0x40, 0x04, 0x45, 0xd5, 0x91, 0x45, 0x5d, 0x40,
	0x0a, 0x40, 0x0e, 0xa9, 0x04, 0x06, 0x44, 0xd0, 0x03, 0xd5, 0xaa, 0x80,
	0xfe, 0x00, 0x11, 0x7f, 0xfd, 0xdd, 0x55, 0x1c, 0xc4, 0x44, 0x44, 0x1b,
	0xd5, 0x40, 0x04, 0x45, 0xd5, 0x91, 0x45, 0x5d, 0x40, 0x0e, 0x00, 0x01,
	0x54, 0x40, 0x40, 0x00, 0x30, 0x02, 0x00, 0x01, 0x80, 0x80, 0x20, 0x00,
	0x60, 0xfe, 0x00, 0x00, 0x41, 0xfe, 0x00, 0x00, 0x44, 0xfd, 0x00, 0x01,
	0x08, 0x44, 0xfe, 0x00, 0xfa, 0x00, 0x00, 0x02, 0xfe, 0x00, 0x03, 0x80,
	0x00, 0x00, 0x40, 0xf0, 0x00, 0xfb, 0x00, 0x00, 0x08, 0xfe, 0x00, 0x02,
	0x40, 0x80, 0x20, 0xee, 0x00, 0xff, 0xa0, 0x19, 0x01, 0xb3, 0x67, 0x41,
	0x1e, 0x1f, 0x7b, 0x3c, 0xf7, 0xf1, 0xfc, 0x43, 0xc6, 0xfd, 0xeb, 0x40,
	0x88, 0x0a, 0xaa, 0x22, 0x81, 0x08, 0x28, 0x02, 0xa2, 0x80, 0xfe, 0xa2,
	0x00, 0x00, 0x1b, 0xa2, 0xa0, 0x00, 0xfb, 0xf5, 0xc1, 0x90, 0x53, 0x7e,
	0x29, 0x44, 0x95, 0x27, 0xf0, 0x2d, 0xd5, 0x6f, 0xe0, 0x88, 0x0a, 0xaa,
	0xa2, 0x81, 0x08, 0x2a, 0xaa, 0xa2, 0x80, 0xfe, 0xa2, 0x00, 0xaa, 0x0a,
	0xa2, 0xa0, 0x01, 0xfb, 0xf7, 0xc1, 0x80, 0x00, 0x7f, 0x3d, 0x80, 0xfe,
	0x00, 0x0d, 0x6f, 0xfd, 0xef, 0xe0, 0x88, 0x0a, 0xaa, 0xa2, 0x81, 0x08,
	0x2a, 0xaa, 0xa2, 0x80, 0xfe, 0xa2, 0x00, 0xaa, 0x1b, 0x00, 0x0a, 0xaa,
	0x04, 0x08, 0x0a, 0x69, 0xe2, 0x80, 0x43, 0x88, 0x0e, 0x02, 0x1c, 0x70,
	0x02, 0x10, 0x0a, 0x22, 0xa0, 0x00, 0x08, 0x2a, 0xa2, 0x80, 0x00, 0x08,
	0x2a, 0xfe, 0x08, 0x00, 0x00, 0xfb, 0x00, 0x08, 0x18, 0x52, 0x00, 0x00,
	0x84, 0x95, 0x27, 0xb0, 0x40, 0xf0, 0x00, 0xfb, 0x00, 0x07, 0x09, 0xf0,
	0x00, 0x00, 0x4c, 0x9f, 0x26, 0x5c, 0xef, 0x00, 0x1f, 0x00, 0x1a, 0x69,
	0x00, 0x02, 0x02, 0x3f, 0x7a, 0x00, 0x21, 0x7f, 0xeb, 0xff, 0xff, 0xc0,
	0x00, 0x00, 0x7f, 0xf2, 0xaf, 0x50, 0x00, 0x5e, 0xd3, 0x40, 0x00, 0x05,
	0x3f, 0x05, 0x54, 0x04, 0x00, 0x1f, 0x00, 0x1a, 0x29, 0x00, 0x02, 0x02,
	0x33, 0x67, 0x00, 0x23, 0x90, 0x2e, 0x43, 0x50, 0xb0, 0x00, 0x40, 0x5f,
	0xf2, 0xaf, 0x55, 0x54, 0x5e, 0xd3, 0x50, 0x01, 0x05, 0x1f, 0xf5, 0x55,
	0x45, 0x41, 0x09, 0x00, 0x1a, 0x69, 0x00, 0x02, 0x02, 0x20, 0x01, 0x00,
	0x22, 0xfe, 0x00, 0x12, 0xb0, 0xe0, 0x00, 0x04, 0x7f, 0xf2, 0xaf, 0x55,
	0x54, 0x5e, 0xd3, 0x50, 0x01, 0x05, 0x3f, 0xf5, 0x55, 0x45, 0x41, 0x1a,
	0x00, 0x05, 0x96, 0xff, 0xfd, 0xfd, 0xe0, 0x87, 0xff, 0xde, 0x00, 0x14,
	0x01, 0xe0, 0x7f, 0xff, 0xfb, 0x80, 0x05, 0x50, 0x00, 0x01, 0x01, 0x04,
	0x00, 0x00, 0x10, 0xfe, 0x00, 0x01, 0x10, 0x00, 0xfb, 0x00, 0x08, 0x03,
	0x66, 0x00, 0x01, 0x90, 0x2e, 0x41, 0xf0, 0xc0, 0xf0, 0x00, 0xfb, 0x00,
	0x08, 0x13, 0xe4, 0x00, 0x00, 0x10, 0x3e, 0x42, 0x10, 0x80, 0xf0, 0x00,
	0x1f, 0x80, 0xa1, 0xc0, 0x00, 0xfa, 0x34, 0x2f, 0xfb, 0xd1, 0x9f, 0xf7,
	0xff, 0x9f, 0x6c, 0xfa, 0x7b, 0x7c, 0x5c, 0x00, 0x54, 0x08, 0xaa, 0x80,
	0x20, 0x08, 0x88, 0xaa, 0xa2, 0x2a, 0x20, 0x88, 0x80, 0x02, 0x80, 0xa0,
	0xc5, 0xfe, 0xff, 0x19, 0xd0, 0x07, 0xff, 0xff, 0x98, 0x00, 0x33, 0xd3,
	0xff, 0xff, 0xbf, 0x5c, 0x00, 0x54, 0x0a, 0xaa, 0x80, 0x20, 0x08, 0xaa,
	0xaa, 0xa2, 0x2a, 0x20, 0x88, 0xaa, 0x1f, 0x80, 0xa1, 0xc7, 0xff, 0x0d,
	0xeb, 0xe0, 0x00, 0x2e, 0xe0, 0x88, 0x00, 0x01, 0x80, 0x25, 0x94, 0xc3,
	0x5c, 0x00, 0x54, 0x0a, 0xaa, 0x80, 0x20, 0x08, 0xaa, 0xaa, 0xa2, 0x2a,
	0x20, 0x88, 0xaa, 0x1f, 0x00, 0x0a, 0x3f, 0xff, 0x0d, 0xeb, 0xe0, 0x02,
	0x2e, 0xe0, 0x08, 0x00, 0x60, 0x92, 0x45, 0x94, 0x83, 0xa2, 0xaa, 0xaa,
	0xa0, 0x00, 0x2a, 0x8a, 0xa0, 0x00, 0x00, 0x08, 0x80, 0x8a, 0x22, 0x00,
	0xfd, 0x00, 0x0c, 0xf2, 0x14, 0x30, 0x07, 0xd1, 0x1e, 0x98, 0x00, 0x31,
	0x73, 0x7a, 0x49, 0x74, 0xf2, 0x00, 0xf8, 0x00, 0x05, 0x01, 0x98, 0x00,
	0x72, 0x12, 0x80, 0xf0, 0x00, 0x1f, 0x00, 0x4b, 0x0f, 0xff, 0xf7, 0xff,
	0xe1, 0x62, 0xff, 0xfc, 0xef, 0x7b, 0x1b, 0xd8, 0x5f, 0xff, 0xe7, 0x1a,
	0xbd, 0xaa, 0x90, 0x40, 0x5d, 0x43, 0x80, 0x00, 0x14, 0x44, 0xc1, 0xdc,
	0x04, 0x00, 0x1f, 0x00, 0x4b, 0x1e, 0xb7, 0xff, 0x7f, 0x97, 0xff, 0xdb,
	0xbf, 0x33, 0xff, 0xe1, 0xe7, 0xf7, 0x7e, 0xfe, 0x92, 0xbd, 0xaa, 0x9d,
	0xd1, 0xdd, 0x43, 0x94, 0x40, 0x14, 0x44, 0xd9, 0xdc, 0x45, 0xc4, 0x02,
	0x00, 0x4b, 0x11, 0xfe, 0x00, 0x06, 0x62, 0x90, 0x00, 0x00, 0x10, 0x84,
	0x02, 0xfe, 0x00, 0x0f, 0x01, 0xba, 0xbd, 0xaa, 0x9d, 0xd1, 0xdd, 0x43,
	0x94, 0x40, 0x14, 0x44, 0xd9, 0xdc, 0x45, 0xc4, 0x02, 0x00, 0x14, 0xf1,
	0xfe, 0x00, 0x07, 0xee, 0x98, 0x00, 0x01, 0x10, 0x84, 0xe6, 0x04, 0xfe,
	0x00, 0x0b, 0xc5, 0x40, 0x55, 0x40, 0x04, 0x00, 0x04, 0x40, 0x00, 0x40,
	0x01, 0x04, 0xfe, 0x00, 0xff, 0x00, 0x0e, 0x0d, 0x48, 0x08, 0x80, 0xf7,
	0xfd, 0x24, 0x43, 0x33, 0xff, 0xe6, 0xe7, 0xa8, 0x81, 0x19, 0xf2, 0x00,
	0xff, 0x00, 0x0e, 0x02, 0xb7, 0xf7, 0x7f, 0x0f, 0xfa, 0xdb, 0xbd, 0x33,
	0xff, 0xe4, 0x04, 0x57, 0x7e, 0xe6, 0xf2, 0x00, 0x02, 0x02, 0x86, 0x33,
	0xfe, 0xff, 0x19, 0x1f, 0xf1, 0xff, 0xff, 0xdf, 0xff, 0x1e, 0xd8, 0xff,
	0xff, 0xfe, 0x94, 0x08, 0x81, 0x0a, 0xaa, 0xa8, 0x20, 0x00, 0x02, 0x00,
	0x02, 0x88, 0x00, 0x2a, 0x20, 0x02, 0x02, 0x84, 0x7c, 0xfe, 0x00, 0x19,
	0xe0, 0x0e, 0x00, 0x00, 0x10, 0x00, 0xa7, 0xa7, 0x00, 0x00, 0x01, 0x94,
	0x08, 0x81, 0x0a, 0xaa, 0xa8, 0x20, 0x0a, 0xaa, 0x00, 0x02, 0x88, 0x00,
	0x2a, 0xaa, 0x02, 0x02, 0x86, 0x40, 0xf8, 0x00, 0x01, 0x01, 0x40, 0xfe,
	0x00, 0x0e, 0x54, 0x08, 0x81, 0x0a, 0xaa, 0xa8, 0x20, 0x0a, 0xaa, 0x00,
	0x02, 0x88, 0x00, 0x2a, 0xaa, 0x02, 0x00, 0x29, 0xc0, 0xfe, 0x00, 0x07,
	0xa0, 0x0e, 0x00, 0x00, 0x20, 0x00, 0x61, 0x65, 0xfe, 0x00, 0x0e, 0x22,
	0xa2, 0x2a, 0xa0, 0x00, 0x02, 0x8a, 0xa0, 0x00, 0xaa, 0xa8, 0x22, 0xaa,
	0x80, 0x00, 0xff, 0x00, 0x00, 0x2c, 0xfe, 0x00, 0x0b, 0xe0, 0x0e, 0x00,
	0x00, 0x10, 0x00, 0xe2, 0x67, 0x00, 0x00, 0x01, 0x80, 0xf3, 0x00, 0xff,
	0x00, 0x00, 0x10, 0xfe, 0x00, 0x07, 0xa0, 0x0e, 0x00, 0x00, 0x30, 0x00,
	0x64, 0x25, 0xef, 0x00, 0x1f, 0x01, 0x62, 0x7e, 0x0f, 0xff, 0xff, 0xb0,
	0x7f, 0x0f, 0x7a, 0x7f, 0x26, 0x36, 0xf5, 0x82, 0xfd, 0xef, 0xdb, 0x41,
	0x57, 0xf0, 0x40, 0x11, 0x05, 0x00, 0x00, 0x55, 0x70, 0x57, 0x11, 0x00,
	0x00, 0x1f, 0x01, 0x66, 0x61, 0xef, 0x07, 0xf8, 0x0f, 0x10, 0x7f, 0x7b,
	0x60, 0xd1, 0xcf, 0xce, 0x7e, 0xff, 0xa0, 0x5b, 0x45, 0x57, 0xf5, 0x15,
	0x51, 0x05, 0x10, 0x40, 0x55, 0x70, 0x77, 0xb3, 0x55, 0x75, 0x01, 0x01,
	0x66, 0xfa, 0x00, 0x16, 0x01, 0x00, 0x40, 0x01, 0x04, 0x00, 0x02, 0x00,
	0xbb, 0x45, 0x57, 0xf5, 0x15, 0x51, 0x05, 0x10, 0x40, 0x55, 0x70, 0x77,
	0xb3, 0x55, 0x75, 0x1f, 0x00, 0x19, 0x81, 0xf0, 0x00, 0x00, 0x49, 0x80,
	0xf0, 0x85, 0x80, 0xf9, 0x4d, 0x0a, 0x49, 0x02, 0x10, 0x80, 0x10, 0x00,
	0x00, 0x40, 0x04, 0x10, 0x40, 0x00, 0x20, 0x01, 0x00, 0x44, 0x00, 0x00,
	0xff, 0x00, 0x0f, 0x41, 0xef, 0x07, 0xf8, 0x0f, 0x10, 0xff, 0x7b, 0x60,
	0xb1, 0xcc, 0x8e, 0x7e, 0xff, 0xa0, 0x80, 0xf3, 0x00, 0xff, 0x00, 0x0e,
	0x21, 0xff, 0x07, 0xf8, 0x49, 0x90, 0xff, 0xff, 0xe0, 0xf9, 0x48, 0x4e,
	0x4b, 0xff, 0xb0, 0xf2, 0x00, 0x1f, 0x0a, 0x0c, 0xdd, 0x1f, 0xff, 0xff,
	0xfe, 0x7c, 0xbf, 0xff, 0xfb, 0xe6, 0x3d, 0xb1, 0xb3, 0xff, 0xef, 0xae,
	0x88, 0x82, 0x20, 0xaa, 0x8a, 0xa2, 0x28, 0x8a, 0x02, 0x00, 0xa0, 0x22,
	0x08, 0x88, 0x1f, 0x8a, 0x08, 0xa7, 0xc0, 0x70, 0x04, 0x4f, 0x93, 0xf0,
	0x00, 0x64, 0xb9, 0x8f, 0x4e, 0x7c, 0x00, 0x0c, 0xbe, 0xa8, 0x82, 0x22,
	0xaa, 0x8a, 0xa2, 0x2a, 0xaa, 0x02, 0x00, 0xa0, 0x26, 0x2a, 0xaa, 0x02,
	0x8a, 0x0c, 0x44, 0xfc, 0x00, 0x05, 0x20, 0x00, 0x04, 0x00, 0x06, 0x80,
	0xfe, 0x00, 0x0e, 0x7e, 0xa8, 0x82, 0x22, 0xaa, 0x8a, 0xa2, 0x2a, 0xaa,
	0x02, 0x00, 0xa0, 0x26, 0x2a, 0xaa, 0x03, 0x00, 0xa3, 0x40, 0x20, 0xfe,
	0x00, 0x18, 0x82, 0x00, 0x00, 0x04, 0x09, 0xc2, 0x86, 0x04, 0x00, 0x10,
	0x00, 0x02, 0x28, 0x88, 0x00, 0x20, 0x08, 0x80, 0x00, 0xa8, 0xaa, 0x0a,
	0x88, 0x80, 0x00, 0xff, 0x00, 0x0e, 0xe6, 0xc0, 0x70, 0x04, 0x41, 0x93,
	0x70, 0x00, 0x64, 0x59, 0x84, 0xce, 0x4c, 0x00, 0x0c, 0xf2, 0x00, 0xff,
	0x00, 0x0f, 0x05, 0x20, 0x70, 0x04, 0x4e, 0x92, 0xb0, 0x00, 0x64, 0xa9,
	0xc8, 0x06, 0x34, 0x00, 0x1c, 0x80, 0xf3, 0x00, 0x1f, 0x05, 0x80, 0xbf,
	0x73, 0xdc, 0x77, 0xee, 0xfb, 0xbb, 0xc3, 0xfe, 0x6c, 0x6d, 0xef, 0x77,
	0x58, 0xfe, 0x88, 0x00, 0x44, 0x40, 0x40, 0x54, 0x04, 0x00, 0x05, 0x79,
	0xfd, 0x55, 0x44, 0x40, 0x00, 0x11, 0x05, 0xa1, 0xce, 0x88, 0x23, 0x84,
	0x14, 0x03, 0x42, 0xf8, 0xc1, 0x93, 0x97, 0x98, 0xb9, 0xfe, 0x19, 0x89,
	0xfd, 0xdd, 0x09, 0xd4, 0x04, 0x45, 0xd5, 0xf9, 0xfd, 0xf7, 0xfe, 0xfd,
	0x5d, 0x11, 0x05, 0xa1, 0x09, 0x00, 0x20, 0x00, 0x02, 0x00, 0x80, 0x00,
	0x00, 0xe0, 0x1a, 0x08, 0x01, 0x00, 0x00, 0x89, 0xfe, 0xdd, 0x0a, 0xd9,
	0xd4, 0x04, 0x45, 0xd5, 0x79, 0xfd, 0xf7, 0xfe, 0xfd, 0x5d, 0x11, 0x00,
	0x5f, 0x03, 0x0c, 0x23, 0x88, 0x17, 0x05, 0x84, 0x04, 0x01, 0x62, 0x9a,
	0x14, 0x10, 0x01, 0x00, 0x60, 0xfe, 0x00, 0x00, 0x04, 0xfd, 0x00, 0x05,
	0x84, 0x00, 0x08, 0x01, 0x00, 0x00, 0xff, 0x00, 0x0f, 0xcb, 0x88, 0x23,
	0x84, 0x1f, 0x05, 0xc5, 0x38, 0xc1, 0x73, 0x89, 0x1c, 0xf9, 0xa6, 0x19,
	0x80, 0xf3, 0x00, 0xff, 0x00, 0xff, 0x0c, 0x0c, 0x23, 0x8c, 0x11, 0x06,
	0x06, 0xc4, 0xc1, 0x82, 0x90, 0x9c, 0x01, 0x59, 0x18, 0xf2, 0x00, 0x12,
	0x28, 0x00, 0xb7, 0x61, 0xf8, 0x7b, 0x6e, 0xfb, 0xb7, 0xf7, 0xbf, 0xec,
	0x6b, 0x63, 0x76, 0xfe, 0xe7, 0xa2, 0x02, 0xfe, 0xaa, 0x09, 0x8a, 0x00,
	0x02, 0x2a, 0xc0, 0x14, 0xaa, 0x8a, 0xa0, 0x00, 0x11, 0x28, 0x01, 0x4a,
	0x9f, 0x07, 0xcc, 0x99, 0x25, 0xcb, 0xec, 0xc9, 0x73, 0x9f, 0x98, 0xc9,
	0xfd, 0x89, 0xfa, 0xfe, 0xaa, 0x0a, 0xea, 0xce, 0x00, 0x2a, 0xab, 0xec,
	0x15, 0xab, 0xcb, 0xea, 0xaa, 0x11, 0x28, 0x01, 0x84, 0x00, 0x00, 0x04,
	0x86, 0x03, 0x04, 0xd0, 0x40, 0x81, 0x04, 0x00, 0x10, 0x06, 0x08, 0x3a,
	0xfe, 0xaa, 0x0a, 0xea, 0xce, 0x00, 0x2a, 0xab, 0xc4, 0x1d, 0xab, 0xcb,
	0xea, 0xaa, 0x11, 0x02, 0xbf, 0xc4, 0x92, 0x04, 0x84, 0x87, 0x02, 0x44,
	0x10, 0x40, 0x93, 0x85, 0x94, 0x18, 0x82, 0x18, 0x40, 0xfd, 0x00, 0x09,
	0x20, 0x2a, 0x80, 0x00, 0x3a, 0xa2, 0x00, 0x20, 0x00, 0x00, 0xff, 0x00,
	0x0f, 0xcf, 0x9f, 0x07, 0xcc, 0x9f, 0x27, 0x4f, 0xfc, 0xc8, 0xd2, 0x9b,
	0x98, 0xf9, 0xef, 0x88, 0x80, 0xf3, 0x00, 0xff, 0x00, 0x0e, 0x40, 0x93,
	0x04, 0xcc, 0x81, 0x20, 0xc0, 0x04, 0xc9, 0x33, 0x80, 0x94, 0x08, 0x00,
	0x99, 0xf2, 0x00, 0x10, 0x06, 0xb1, 0x6e, 0xdd, 0xf3, 0x6f, 0xdd, 0xf7,
	0xee, 0x37, 0x7d, 0xf8, 0xdb, 0xc6, 0xed, 0x86, 0xfd, 0xfe, 0x00, 0x0b,
	0x01, 0xf1, 0x70, 0x01, 0x00, 0x05, 0x8f, 0x7b, 0xb5, 0x51, 0x00, 0x00,
	0x11, 0x06, 0x9b, 0x9d, 0x34, 0x0c, 0x98, 0x36, 0x0b, 0x9e, 0xf9, 0x03,
	0x63, 0x2f, 0x19, 0xb3, 0xf7, 0x33, 0xe5, 0xfe, 0x55, 0x0a, 0xf1, 0x70,
	0x01, 0x01, 0x7f, 0xdf, 0x7b, 0xbf, 0xfb, 0xfd, 0x57, 0x11, 0x06, 0xba,
	0x0a, 0x00, 0x07, 0x10, 0x08, 0x0c, 0x00, 0xc0, 0x01, 0x80, 0x34, 0x00,
	0xc0, 0x50, 0x00, 0xa5, 0xfe, 0x55, 0x0a, 0xf1, 0x70, 0x01, 0x01, 0x7d,
	0x8f, 0x7b, 0xbf, 0x7b, 0xfd, 0x57, 0x11, 0x01, 0x46, 0x12, 0x22, 0x0b,
	0x10, 0x1c, 0x0c, 0x19, 0xd0, 0x82, 0xc7, 0x34, 0x39, 0x61, 0x7a, 0x03,
	0xc0, 0xfe, 0x00, 0xfe, 0x04, 0x07, 0x00, 0x02, 0x70, 0x84, 0x40, 0x84,
	0x00, 0x00, 0x10, 0x00, 0x01, 0x9f, 0x2a, 0x0b, 0x98, 0x3e, 0x06, 0x1c,
	0x39, 0x03, 0xc3, 0x12, 0x19, 0xf3, 0x87, 0x33, 0xf2, 0x00, 0xff, 0x00,
	0x0e, 0x10, 0x36, 0x0c, 0x18, 0x00, 0x09, 0x90, 0x01, 0x82, 0x27, 0x21,
	0x39, 0x00, 0x00, 0x32, 0xf2, 0x00, 0x1f, 0xa8, 0x43, 0x7e, 0xfd, 0xf7,
	0x7f, 0xdd, 0xbf, 0x78, 0x17, 0xff, 0xd8, 0xf6, 0xc7, 0xed, 0x06, 0xdf,
	0x2a, 0xa8, 0x88, 0x8a, 0x02, 0x22, 0x00, 0x00, 0x8a, 0xf5, 0x5f, 0xc0,
	0x2a, 0xa8, 0x00, 0x1f, 0xa8, 0x62, 0x95, 0x36, 0x0c, 0x98, 0x2a, 0x4a,
	0x9e, 0xa8, 0x93, 0xa7, 0x3f, 0x19, 0x53, 0x8d, 0x31, 0x7a, 0xaa, 0xaa,
	0x8a, 0x02, 0x22, 0x00, 0x2a, 0xaf, 0xfe, 0x5f, 0xff, 0x6a, 0xfa, 0xaa,
	0x1f, 0xa8, 0x61, 0x0e, 0x08, 0x02, 0x00, 0x1c, 0x47, 0x04, 0x30, 0x00,
	0x42, 0x18, 0x00, 0xe1, 0x80, 0x20, 0x7a, 0xaa, 0xaa, 0x8a, 0x02, 0x22,
	0x00, 0x2a, 0xaf, 0x54, 0x55, 0x55, 0x6a, 0xfa, 0xaa, 0x1f, 0x02, 0x9d,
	0x8a, 0x1a, 0x06, 0x80, 0x16, 0x45, 0x87, 0xf8, 0x01, 0x67, 0x0b, 0x28,
	0xa0, 0xf9, 0x20, 0x80, 0x00, 0x00, 0x20, 0xa8, 0x88, 0x8a, 0x80, 0x00,
	0x0b, 0xa0, 0x2a, 0x80, 0x00, 0x00, 0x10, 0x00, 0x03, 0x8f, 0x1a, 0x0f,
	0x98, 0x3e, 0x47, 0x88, 0x18, 0x91, 0xe5, 0x17, 0x18, 0xf3, 0x07, 0x33,
	0xf2, 0x00, 0xff, 0x00, 0x0e, 0x90, 0x26, 0x00, 0x98, 0x02, 0x48, 0x90,
	0x08, 0x92, 0x27, 0x21, 0x29, 0x00, 0x01, 0x30, 0xf2, 0x00, 0x1f, 0x05,
	0xd2, 0xdf, 0xbb, 0xee, 0xff, 0xbb, 0xef, 0xdc, 0x6e, 0xfb, 0xb1, 0xb7,
	0x8d, 0xdb, 0x25, 0xfa, 0x94, 0x44, 0x40, 0x01, 0xbc, 0x84, 0x10, 0x00,
	0x05, 0xe1, 0xfa, 0x0d, 0xd4, 0x40, 0x00, 0x1b, 0x05, 0x47, 0x3a, 0x5c,
	0x17, 0x20, 0x5c, 0x07, 0x3e, 0x73, 0x05, 0x4e, 0x7e, 0x73, 0xa7, 0x6e,
	0x47, 0x15, 0xdd, 0xd5, 0xdf, 0xbc, 0x84, 0x03, 0xc4, 0x5f, 0xff, 0xfb,
	0xfe, 0xff, 0x00, 0xdd, 0x1f, 0x05, 0xd4, 0x04, 0x20, 0x18, 0x00, 0x60,
	0x08, 0x0a, 0x20, 0x02, 0x80, 0x08, 0x00, 0x40, 0x68, 0x01, 0x15, 0xdd,
	0xd5, 0xdf, 0xbc, 0x84, 0x13, 0xc4, 0x5f, 0xa1, 0xfe, 0x0f, 0xff, 0xff,
	0xdd, 0x11, 0x00, 0x2c, 0x34, 0x68, 0x1a, 0x00, 0x68, 0x1a, 0x23, 0x81,
	0x03, 0x8e, 0x68, 0x73, 0x46, 0x98, 0x03, 0xc0, 0xfe, 0x00, 0x07, 0x41,
	0x50, 0x04, 0x00, 0x00, 0x1e, 0x01, 0xf0, 0xfe, 0x00, 0x10, 0x00, 0x03,
	0x3c, 0x7c, 0x0f, 0x20, 0x3c, 0x1e, 0x2c, 0x73, 0x07, 0xce, 0x74, 0x73,
	0xe7, 0x06, 0x46, 0xf2, 0x00, 0xff, 0x00, 0x0e, 0x22, 0x40, 0x10, 0x20,
	0x40, 0x11, 0x30, 0x03, 0x00, 0x0e, 0x42, 0x72, 0x04, 0x00, 0x40, 0xf2,
	0x00, 0x1f, 0xaa, 0x86, 0xfd, 0xbb, 0x6f, 0xdf, 0xbb, 0xee, 0xdd, 0xef,
	0xdb, 0xb1, 0xb5, 0x8d, 0xda, 0x25, 0xdb, 0x28, 0xaa, 0xaa, 0x2a, 0x0a,
	0xaa, 0x28, 0x0a, 0x0a, 0x7d, 0x57, 0xf2, 0x1a, 0xa8, 0x00, 0x1f, 0xaa,
	0xcd, 0x2e, 0x7c, 0x99, 0x32, 0x64, 0x9b, 0x27, 0xf2, 0x24, 0x46, 0x7a,
	0x72, 0xa6, 0xaa, 0x46, 0x68, 0xea, 0xea, 0xaa, 0x0a, 0xaa, 0x29, 0x0a,
	0xab, 0xff, 0xf7, 0xff, 0x4a, 0xbe, 0xaa, 0x1f, 0xaa, 0xc2, 0x10, 0x00,
	0x07, 0x20, 0x18, 0x04, 0x0a, 0x00, 0x27, 0x80, 0x2c, 0x21, 0xc4, 0x3c,
	0x02, 0x68, 0xea, 0xea, 0xaa, 0x0a, 0xaa, 0x29, 0x0a, 0xab, 0x55, 0x75,
	0x57, 0x4a, 0xbe, 0xaa, 0x11, 0x00, 0x3b, 0x16, 0x1c, 0x8e, 0x20, 0x3c,
	0x0f, 0x2a, 0x50, 0x27, 0xce, 0x0e, 0x71, 0x61, 0xcc, 0x21, 0x82, 0xfe,
	0x00, 0x0a, 0xa0, 0x00, 0x82, 0xa0, 0x00, 0x82, 0xa8, 0x08, 0xb0, 0x00,
	0x00, 0x10, 0x00, 0x07, 0x1e, 0x7c, 0x9f, 0x32, 0x7c, 0x9f, 0x3d, 0xd2,
	0x23, 0xc6, 0x76, 0x53, 0xe2, 0x06, 0x46, 0xf2, 0x00, 0x10, 0x00, 0x01,
	0x22, 0x04, 0x81, 0x32, 0x04, 0x81, 0x20, 0x32, 0x24, 0x4e, 0x02, 0x70,
	0x24, 0x00, 0x60, 0xf2, 0x00, 0x1f, 0x00, 0x07, 0xbb, 0xf7, 0xdf, 0xdf,
	0x77, 0xdf, 0xdb, 0x1f, 0xf7, 0x67, 0x7f, 0x3b, 0xb4, 0x6f, 0xb6, 0x91,
	0x45, 0x50, 0x00, 0x11, 0x40, 0x50, 0x2f, 0x01, 0x7a, 0xbe, 0x08, 0x51,
	0x30, 0x00, 0x1f, 0x01, 0x4e, 0x7c, 0xf8, 0x2a, 0x64, 0xe9, 0x32, 0x2e,
	0xe6, 0x00, 0x8c, 0xb8, 0xe5, 0x4a, 0x5c, 0xc6, 0x95, 0x47, 0x55, 0x55,
	0x51, 0x55, 0x5f, 0xaf, 0x17, 0xff, 0xff, 0x7b, 0xfb, 0xdf, 0xf5, 0x1f,
	0x01, 0x48, 0x00, 0x80, 0x1c, 0x20, 0x10, 0x0c, 0x00, 0x00, 0x03, 0x00,
	0x40, 0x82, 0x86, 0x70, 0x42, 0x95, 0x47, 0x55, 0x55, 0x51, 0x55, 0x5f,
	0xaf, 0x17, 0x6a, 0xbe, 0x0b, 0xfb, 0xdf, 0xf5, 0x1f, 0x00, 0xb8, 0x40,
	0x50, 0x14, 0x20, 0xb0, 0x2c, 0x30, 0x20, 0x0b, 0x18, 0xc0, 0xc7, 0x87,
	0x90, 0x49, 0x00, 0x10, 0x00, 0x00, 0x04, 0x00, 0x00, 0x50, 0x00, 0x85,
	0x41, 0xf4, 0x04, 0x20, 0x00, 0x10, 0x00, 0x04, 0x54, 0xf8, 0x3c, 0x64,
	0xb9, 0x2c, 0x35, 0xe6, 0x07, 0x8c, 0xec, 0xe7, 0xcc, 0x08, 0xce, 0xf2,
	0x00, 0x10, 0x00, 0x02, 0x68, 0x80, 0x02, 0x64, 0xc1, 0x32, 0x3a, 0x26,
	0x08, 0x1c, 0x80, 0xe4, 0x00, 0x04, 0xc8, 0xf2, 0x00, 0x1f, 0x88, 0xc7,
	0xbb, 0x77, 0xdd, 0xbf, 0x26, 0xcc, 0xff, 0xf9, 0xf6, 0x7f, 0x1b, 0xfb,
	0x3c, 0x4f, 0xfc, 0x40, 0xa2, 0x02, 0xa8, 0xaa, 0xa8, 0x88, 0x3f, 0x8a,
	0x4b, 0xd3, 0xf6, 0xa2, 0x2a, 0x80, 0xff, 0x88, 0x1d, 0x5c, 0xc9, 0x3a,
	0x60, 0xd9, 0x37, 0x00, 0x02, 0x0d, 0x80, 0xfc, 0x02, 0xcf, 0x44, 0xcc,
	0xc0, 0xa2, 0x02, 0xaa, 0xaa, 0xea, 0x8d, 0xff, 0xab, 0xff, 0xfb, 0xff,
	0xe6, 0x2f, 0xea, 0x1f, 0x88, 0xcc, 0x00, 0x30, 0x2c, 0x40, 0x21, 0x08,
	0x00, 0x02, 0x00, 0x00, 0x60, 0x01, 0x07, 0x4c, 0x00, 0xc0, 0xa2, 0x02,
	0xaa, 0xaa, 0xea, 0x8d, 0xd9, 0xab, 0x51, 0x53, 0x5f, 0xe6, 0x2f, 0xea,
	0x13, 0x02, 0x3e, 0x04, 0x30, 0x26, 0x40, 0xa9, 0x2d, 0x00, 0x06, 0x08,
	0x80, 0xa0, 0x05, 0x42, 0xb8, 0x03, 0x2a, 0x08, 0xa8, 0xfe, 0x00, 0x08,
	0x22, 0x88, 0x00, 0xa4, 0x2c, 0x08, 0x08, 0x80, 0x00, 0x10, 0x00, 0x06,
	0x64, 0xf9, 0x1e, 0x60, 0xf9, 0x3f, 0x00, 0x02, 0x0b, 0x80, 0xb4, 0x05,
	0xc4, 0x0c, 0xc4, 0xf2, 0x00, 0x10, 0x00, 0x02, 0x1c, 0x01, 0x22, 0x60,
	0x89, 0x21, 0x00, 0x06, 0x0c, 0x80, 0xc8, 0x06, 0x48, 0x04, 0xc8, 0xf2,
	0x00, 0x1f, 0x01, 0x07, 0x86, 0xff, 0xbf, 0xfe, 0x0d, 0xe4, 0x17, 0xbf,
	0xf0, 0xfe, 0xc1, 0xfc, 0x69, 0x8f, 0x69, 0x7c, 0xa4, 0x45, 0x80, 0x00,
	0x00, 0x5c, 0x1f, 0xc0, 0xeb, 0x1d, 0xe3, 0x7d, 0x59, 0x40, 0x12, 0x05,
	0x48, 0xf9, 0xf0, 0x58, 0xc9, 0xb2, 0x1f, 0x57, 0xb8, 0x9f, 0x26, 0x7c,
	0x4b, 0x95, 0x88, 0x97, 0xfd, 0xfc, 0xfd, 0xdd, 0x02, 0x5f, 0xd7, 0xc5,
	0xfe, 0xff, 0x02, 0xdf, 0xff, 0xfd, 0x04, 0x05, 0x4c, 0x00, 0x20, 0x20,
	0xf8, 0x00, 0x11, 0x0d, 0x90, 0x8d, 0xfd, 0xfc, 0xdd, 0x9d, 0xdd, 0xdd,
	0x5f, 0x88, 0xc5, 0xea, 0x1d, 0xa3, 0xdf, 0xfb, 0xfd, 0x14, 0x00, 0xbc,
	0x68, 0x90, 0x20, 0x01, 0xd2, 0x1b, 0xe8, 0x40, 0x0d, 0x01, 0x86, 0x06,
	0x8e, 0x60, 0x9e, 0x00, 0x01, 0x00, 0x40, 0xfe, 0x00, 0x07, 0x64, 0x00,
	0x14, 0xe2, 0x1c, 0x20, 0x04, 0x00, 0x10, 0x00, 0x04, 0xf9, 0xf0, 0x7c,
	0xc9, 0xf2, 0x1b, 0x57, 0xb8, 0x9f, 0x26, 0xbc, 0x4f, 0x98, 0x00, 0x98,
	0xfa, 0x00, 0x00, 0x0c, 0xfa, 0x00, 0xff, 0x00, 0x0e, 0xe8, 0x00, 0x00,
	0xc9, 0xd2, 0x1f, 0xff, 0xf8, 0x9d, 0x27, 0xc6, 0x4e, 0x80, 0x08, 0x90,
	0xf2, 0x00, 0x1f, 0x2a, 0x87, 0xff, 0x9f, 0xff, 0xf7, 0xfc, 0x7f, 0xff,
	0xff, 0x7f, 0xdf, 0xff, 0xbf, 0xfc, 0xef, 0xf8, 0xc2, 0xe2, 0xa8, 0xa8,
	0x0a, 0xa0, 0x28, 0x7f, 0xe2, 0x1f, 0xf7, 0x6f, 0x00, 0x80, 0x80, 0x19,
	0xaa, 0x88, 0x01, 0xf0, 0x7c, 0x08, 0x03, 0x80, 0x00, 0x00, 0x80, 0x20,
	0x00, 0x00, 0x19, 0xb0, 0x0d, 0x83, 0xb2, 0xa9, 0xff, 0x6a, 0xaa, 0xac,
	0x7f, 0xea, 0xfe, 0xff, 0x02, 0xd1, 0x85, 0xea, 0x04, 0xaa, 0x8c, 0x00,
	0x60, 0x20, 0xf8, 0x00, 0x11, 0x01, 0xf8, 0x11, 0xc3, 0xf2, 0xa9, 0xff,
	0x6a, 0xaa, 0xac, 0x4a, 0x6a, 0x55, 0x57, 0x45, 0x51, 0x85, 0xea, 0x13,
	0x00, 0x7c, 0x00, 0x70, 0x00, 0x08, 0x02, 0x80, 0x00, 0x00, 0x80, 0x20,
	0x00, 0x40, 0x06, 0x18, 0x16, 0x08, 0x08, 0x02, 0xfe, 0x00, 0x08, 0x02,
	0x8e, 0x00, 0xa0, 0x08, 0x90, 0xaa, 0x2a, 0x00, 0x10, 0x00, 0x04, 0x00,
	0x90, 0x28, 0x08, 0x03, 0x80, 0x00, 0x00, 0x80, 0x20, 0x00, 0x00, 0x08,
	0x08, 0x18, 0xfa, 0x00, 0x00, 0x0e, 0xfa, 0x00, 0xff, 0x00, 0x0c, 0x01,
	0x00, 0x44, 0x08, 0x02, 0x80, 0x00, 0x00, 0x80, 0x20, 0x00, 0x40, 0x10,
	0xf0, 0x00, 0x1f, 0x00, 0x87, 0xb5, 0x9f, 0xfd, 0x35, 0xd7, 0x8d, 0x73,
	0x64, 0xbd, 0x5a, 0x0c, 0xf5, 0x51, 0x4d, 0x30, 0xb7, 0x0b, 0x09, 0xf7,
	0x40, 0x00, 0x00, 0x3f, 0xf0, 0x79, 0xeb, 0x14, 0xfb, 0x47, 0x00, 0x1f,
	0x00, 0x4f, 0xdf, 0x3a, 0xff, 0xfe, 0xe8, 0xfe, 0xff, 0xfe, 0xfa, 0xff,
	0xf7, 0xfe, 0xf9, 0xda, 0xf9, 0xb5, 0x4b, 0x5d, 0x5f, 0xf5, 0x55, 0x51,
	0xaf, 0xf5, 0xfb, 0xff, 0xff, 0xfb, 0xef, 0xff, 0x1f, 0x00, 0xc0, 0x02,
	0x00, 0x20, 0x49, 0x14, 0x11, 0x88, 0x11, 0x45, 0xa4, 0x82, 0x09, 0x39,
	0xc4, 0x19, 0xb7, 0x0b, 0x5d, 0xff, 0xf5, 0x55, 0x51, 0x93, 0x35, 0xfc,
	0xab, 0x80, 0xfb, 0xef, 0xff, 0x13, 0x01, 0x3a, 0x00, 0xe8, 0x44, 0xc1,
	0x14, 0x11, 0x00, 0x11, 0x05, 0x00, 0x80, 0x09, 0x0e, 0x34, 0x0e, 0x08,
	0xf4, 0x02, 0xfd, 0x00, 0x07, 0x4b, 0x00, 0x02, 0x14, 0x6b, 0x04, 0x10,
	0x00, 0x10, 0x00, 0x06, 0x69, 0x1d, 0x7e, 0x83, 0x3f, 0x63, 0x04, 0x8b,
	0x07, 0x01, 0x79, 0x03, 0x90, 0x0f, 0xd0, 0xfa, 0x00, 0x00, 0x1b, 0xfa,
	0x00, 0x10, 0x00, 0x01, 0x96, 0x02, 0x81, 0xfc, 0xc0, 0x9c, 0xfb, 0x74,
	0xf8, 0xfe, 0x86, 0xfc, 0x60, 0x00, 0x20, 0xfa, 0x00, 0x00, 0x04, 0xfa,
	0x00, 0x07, 0x80, 0x47, 0xfe, 0x07, 0xfe, 0x7f, 0xff, 0xbf, 0xfd, 0xff,
	0x13, 0xbf, 0xff, 0xf0, 0x07, 0x61, 0xd0, 0x40, 0x06, 0xa1, 0x5a, 0xa0,
	0x0a, 0x3b, 0xea, 0xa5, 0xc6, 0x73, 0xf4, 0xa2, 0x28, 0x1f, 0x80, 0x47,
	0xff, 0x4f, 0x93, 0x9b, 0xeb, 0x4f, 0x7d, 0xb6, 0xb6, 0x7d, 0x7f, 0xf7,
	0x78, 0x18, 0xb5, 0xd1, 0x20, 0x06, 0xa1, 0x5a, 0xea, 0xaa, 0x1e, 0xfa,
	0xb5, 0xff, 0xff, 0xe4, 0xa7, 0xea, 0x1f, 0x80, 0x41, 0x15, 0x0a, 0xed,
	0x27, 0xbd, 0xb3, 0xaa, 0xed, 0x5d, 0xaa, 0x82, 0x69, 0x88, 0x1f, 0x71,
	0xd1, 0xf4, 0x06, 0xa1, 0x5a, 0xea, 0xaa, 0x31, 0x8a, 0xbf, 0x47, 0xd1,
	0x64, 0xa7, 0x6a, 0x1f, 0x0a, 0xb8, 0x01, 0xf8, 0x7c, 0x34, 0x14, 0xb8,
	0x83, 0x49, 0x49, 0x83, 0xa0, 0x08, 0x8f, 0xfb, 0x5e, 0x2f, 0x6b, 0xf9,
	0x5e, 0x80, 0x00, 0x00, 0xd0, 0x90, 0x00, 0x38, 0x8c, 0x1a, 0x08, 0x80,
	0x04, 0x00, 0x03, 0xfe, 0x07, 0xfc, 0xf8, 0xff, 0x04, 0xf0, 0x07, 0xe0,
	0x00, 0x40, 0xfc, 0x00, 0x01, 0x21, 0x80, 0xfb, 0x00, 0xfd, 0x00, 0x00,
	0x03, 0xee, 0x00, 0x00, 0x0e, 0xfa, 0x00, 0x1f, 0x04, 0x23, 0xfc, 0x21,
	0xe4, 0xff, 0xff, 0x5f, 0x07, 0xff, 0xf7, 0xff, 0xf9, 0xff, 0xfa, 0x0e,
	0xf8, 0x81, 0xf8, 0x00, 0x00, 0x0d, 0x40, 0x00, 0x7f, 0xfc, 0x1f, 0xbf,
	0x60, 0x3b, 0x04, 0x40, 0x1f, 0x04, 0xa7, 0xfe, 0xaf, 0xdb, 0x6f, 0xff,
	0xb5, 0xff, 0x79, 0xff, 0xff, 0x9f, 0xfd, 0xbf, 0xff, 0x5c, 0x8f, 0x3f,
	0xc1, 0xfd, 0x1c, 0xd4, 0x40, 0x7f, 0xfd, 0xdf, 0xff, 0xff, 0xfb, 0xbf,
	0xff, 0x1f, 0x04, 0xa4, 0x42, 0x2e, 0x00, 0x14, 0x14, 0x0f, 0xf9, 0xce,
	0x08, 0x80, 0x37, 0x0e, 0x65, 0xf4, 0x34, 0x8e, 0x07, 0xcb, 0xff, 0x1c,
	0xd4, 0x40, 0xff, 0x2d, 0x9f, 0xbf, 0xe0, 0x3b, 0xbf, 0xff, 0x1f, 0x01,
	0x5c, 0x03, 0xde, 0x00, 0x30, 0x01, 0x1a, 0xf8, 0x86, 0x08, 0x01, 0x26,
	0x02, 0xc5, 0xf2, 0x27, 0x7e, 0x07, 0xf5, 0xfd, 0xe1, 0x00, 0x01, 0x7f,
	0xe0, 0x40, 0x40, 0x1f, 0xc4, 0x40, 0x00, 0x12, 0x00, 0x03, 0xfc, 0x01,
	0x9b, 0x3f, 0xff, 0xbf, 0x07, 0xff, 0xf7, 0xff, 0x31, 0xff, 0xfa, 0x0f,
	0x38, 0x01, 0x90, 0xfc, 0x00, 0x01, 0x1f, 0xc0, 0xfb, 0x00, 0xfd, 0x00,
	0xff, 0x40, 0xfb, 0x00, 0x00, 0x80, 0xfe, 0x00, 0x02, 0x40, 0x00, 0x20,
	0xf4, 0x00, 0x1f, 0xa0, 0x87, 0xef, 0x0d, 0xa5, 0x5f, 0xfe, 0x5f, 0xcf,
	0xff, 0xee, 0xfc, 0x73, 0xff, 0xef, 0xfe, 0xbc, 0x3f, 0x5f, 0xff, 0xff,
	0x9a, 0x8a, 0x03, 0xff, 0xfc, 0xa9, 0x58, 0xa0, 0x70, 0xaa, 0xaa, 0x1f,
	0xa9, 0x4f, 0xfd, 0x3f, 0xdb, 0xfa, 0xcf, 0xb7, 0xdf, 0x57, 0x3d, 0xdf,
	0xbf, 0x92, 0xb9, 0x5f, 0x73, 0x22, 0xae, 0x5a, 0x50, 0x52, 0x8a, 0xa3,
	0xfe, 0xbe, 0xa9, 0x5e, 0xff, 0xf5, 0xab, 0xfa, 0x1f, 0xa9, 0xc8, 0x00,
	0x13, 0x01, 0x04, 0x60, 0x00, 0x94, 0x28, 0xfa, 0x00, 0x0c, 0x2c, 0x44,
	0xa0, 0x07, 0x3d, 0x01, 0xa5, 0xaf, 0xda, 0x8a, 0xa3, 0xf7, 0xf4, 0xa9,
	0x5c, 0xf4, 0x55, 0xab, 0xfa, 0x1f, 0x02, 0x3a, 0xa8, 0xf2, 0x1a, 0x84,
	0xa4, 0x80, 0x30, 0x39, 0xd6, 0x84, 0x8c, 0x2c, 0x44, 0xf0, 0x07, 0xfd,
	0x03, 0xc5, 0xbf, 0xe0, 0x20, 0x00, 0xf6, 0xb2, 0x02, 0xa2, 0x0b, 0x8a,
	0x00, 0x00, 0x19, 0x00, 0x06, 0xbb, 0x09, 0x5b, 0xa5, 0xf5, 0xa8, 0xcc,
	0xf9, 0xef, 0xbf, 0x92, 0x7d, 0x56, 0xf1, 0x4c, 0x1d, 0xb3, 0xef, 0xbf,
	0x80, 0x00, 0x00, 0x37, 0xe0, 0xfb, 0x00, 0x14, 0x00, 0x01, 0x44, 0x00,
	0x9b, 0xda, 0x0a, 0x97, 0x03, 0x06, 0x00, 0x40, 0xa1, 0x82, 0xa9, 0x0e,
	0x30, 0x02, 0x0c, 0x00, 0x40, 0xfe, 0x00, 0x00, 0x08, 0xfa, 0x00, 0x1f,
	0x00, 0x8b, 0xd6, 0xdf, 0xae, 0xbb, 0x5e, 0xe7, 0x4b, 0xae, 0x7d, 0x6b,
	0x7d, 0xf6, 0xbb, 0x7c, 0x9d, 0xb6, 0x4d, 0x7c, 0xed, 0xd7, 0x50, 0x06,
	0xaf, 0xff, 0x11, 0xfd, 0x78, 0x8a, 0x40, 0x10, 0x1f, 0x06, 0x8c, 0xa1,
	0xe3, 0x51, 0x44, 0xe5, 0x18, 0xfc, 0x51, 0xba, 0x9c, 0x3e, 0x28, 0x44,
	0xd3, 0x63, 0xe9, 0xb0, 0xbb, 0x10, 0x5f, 0x54, 0x06, 0xbd, 0x7f, 0xf1,
	0xff, 0xf7, 0xcb, 0xff, 0xff, 0x03, 0x06, 0x80, 0x00, 0x34, 0xfd, 0x00,
	0x04, 0x60, 0x20, 0x00, 0x00, 0x10, 0xfd, 0x00, 0x0e, 0x40, 0x00, 0x10,
	0x00, 0x1f, 0x54, 0x07, 0xaf, 0xfb, 0xf1, 0xff, 0xf2, 0x8a, 0xef, 0xff,
	0x1f, 0x01, 0x70, 0x28, 0x36, 0x51, 0x44, 0xa1, 0x18, 0x30, 0x20, 0x12,
	0x90, 0x80, 0x01, 0x44, 0x82, 0x60, 0x69, 0x92, 0x91, 0x0a, 0x20, 0x00,
	0x00, 0xaf, 0x78, 0x04, 0x00, 0x0d, 0x75, 0x10, 0x00, 0x19, 0x00, 0x0c,
	0xa1, 0x96, 0x51, 0x44, 0xa5, 0x18, 0xcc, 0x71, 0x92, 0x94, 0x16, 0x18,
	0x44, 0x93, 0x63, 0x29, 0xb0, 0x93, 0x18, 0x40, 0x00, 0x00, 0x2d, 0xf0,
	0xfb, 0x00, 0xff, 0x00, 0x12, 0xa8, 0x01, 0x51, 0x44, 0xe5, 0x18, 0x00,
	0x00, 0x2a, 0x98, 0xa0, 0x21, 0x44, 0xd2, 0x60, 0x09, 0x92, 0xa9, 0x0a,
	0xfe, 0x00, 0x00, 0x50, 0xfa, 0x00, 0x1f, 0x80, 0xac, 0xf9, 0x9a, 0xa4,
	0xed, 0xae, 0x4f, 0xfd, 0x1b, 0x5d, 0x95, 0xf7, 0x0b, 0xfe, 0xf7, 0xb7,
	0xfd, 0x5b, 0x45, 0xf6, 0x8c, 0x0a, 0x8c, 0xd7, 0xfe, 0xa2, 0x02, 0x28,
	0x14, 0x2a, 0xaa, 0x1f, 0x81, 0xb0, 0x24, 0xe5, 0x19, 0x49, 0x51, 0x17,
	0x31, 0x6e, 0xb0, 0x29, 0x3d, 0x72, 0x5a, 0x45, 0x1c, 0xe4, 0x28, 0x3a,
	0xe1, 0x4c, 0x0a, 0x8c, 0xf3, 0xae, 0xa2, 0x06, 0x2f, 0x94, 0x2a, 0xff,
	0x04, 0x81, 0xb8, 0x00, 0x70, 0x08, 0xfe, 0x00, 0x00, 0x68, 0xfe, 0x00,
	0x00, 0x18, 0xfe, 0x00, 0x00, 0x08, 0xfd, 0x00, 0x0a, 0x4c, 0x0a, 0x8e,
	0xdf, 0xd8, 0xa2, 0x06, 0x2d, 0x14, 0x2a, 0xff, 0x1f, 0x0a, 0x5b, 0x06,
	0xf0, 0x5b, 0x12, 0x51, 0xb0, 0x4a, 0x84, 0x8a, 0x6a, 0x0c, 0xc4, 0x01,
	0x08, 0x48, 0x02, 0xa4, 0xaa, 0x08, 0x72, 0xa0, 0x01, 0xdf, 0xc8, 0x08,
	0xa8, 0x82, 0xea, 0x80, 0x00, 0x19, 0x00, 0x08, 0x24, 0x97, 0x19, 0x49,
	0x51, 0x17, 0x79, 0x6e, 0xa8, 0x29, 0x15, 0x72, 0x5a, 0x45, 0x1d, 0xc4,
	0x28, 0x3a, 0xe1, 0x80, 0x00, 0x00, 0xd2, 0x98, 0xfb, 0x00, 0x14, 0x00,
	0x03, 0x26, 0x00, 0x5b, 0x5b, 0x51, 0xb7, 0x03, 0x8e, 0x9a, 0x6b, 0x21,
	0xc6, 0x5b, 0x4d, 0x5c, 0x26, 0xac, 0xaa, 0xe8, 0xfe, 0x00, 0x01, 0x28,
	0x20, 0xfb, 0x00, 0x1f, 0x05, 0x4c, 0xd1, 0xf8, 0xe4, 0xa4, 0xa2, 0x4f,
	0xfb, 0x91, 0x47, 0x14, 0xfd, 0xc9, 0xe4, 0xf2, 0xff, 0xd9, 0xf3, 0x69,
	0xf5, 0x1a, 0xc0, 0x05, 0x87, 0xfd, 0xd5, 0x5d, 0x44, 0xab, 0x81, 0x5d,
	0x1f, 0x06, 0xd3, 0x8e, 0x67, 0x5b, 0x1b, 0x18, 0xb0, 0x3c, 0x6e, 0xba,
	0xe2, 0x9a, 0x13, 0x1b, 0x5c, 0x40, 0xaa, 0xaa, 0xc6, 0x02, 0xda, 0xc4,
	0x05, 0xfc, 0x19, 0xf5, 0xdd, 0xff, 0xab, 0x99, 0xdf, 0x03, 0x07, 0xd8,
	0x00, 0xb0, 0xfd, 0x00, 0x00, 0x48, 0xfe, 0x00, 0x00, 0x04, 0xfd, 0x00,
	0x0e, 0x40, 0x00, 0x00, 0x01, 0x9a, 0xc4, 0x07, 0x87, 0xf5, 0xf5, 0xdd,
	0xff, 0xab, 0x99, 0x5f, 0x19, 0x00, 0x3b, 0x28, 0x91, 0x1b, 0x5b, 0x5d,
	0xb0, 0x44, 0x6e, 0xa8, 0xab, 0x04, 0x36, 0x1b, 0x0d, 0x00, 0x46, 0x0c,
	0x96, 0x09, 0xe5, 0x00, 0x01, 0x87, 0xfa, 0xfe, 0x00, 0x02, 0x54, 0x44,
	0x80, 0x14, 0x00, 0x0b, 0x8e, 0xb7, 0x5b, 0x1b, 0x18, 0xb0, 0x5c, 0x6e,
	0xba, 0xe2, 0xbe, 0x13, 0x1b, 0x5c, 0x41, 0xaa, 0xaa, 0xc6, 0x03, 0xfe,
	0x00, 0x01, 0x84, 0x1c, 0xfb, 0x00, 0x14, 0x00, 0x03, 0xa8, 0x01, 0x5b,
	0x5b, 0x5d, 0xb0, 0x04, 0x6e, 0xaa, 0xab, 0x80, 0x37, 0x1b, 0x5d, 0x40,
	0x0e, 0xae, 0xd6, 0x08, 0xfe, 0x00, 0x00, 0x78, 0xfa, 0x00, 0x1f, 0x08,
	0x8e, 0xd5, 0xf9, 0xa4, 0xa4, 0xae, 0xdc, 0x79, 0xd1, 0x5d, 0x36, 0xdc,
	0xed, 0xa4, 0xb6, 0xb5, 0xfd, 0x57, 0x19, 0xb5, 0x29, 0xaa, 0x0f, 0x07,
	0xdf, 0xa0, 0x80, 0xaa, 0x90, 0xa8, 0x88, 0x1f, 0xa9, 0x92, 0x2a, 0xe6,
	0x5b, 0x5a, 0x08, 0x34, 0xff, 0xa4, 0x30, 0xcb, 0x3e, 0xd4, 0x13, 0x0d,
	0x16, 0xc4, 0x04, 0xe6, 0x9b, 0xb1, 0x2a, 0x0f, 0x73, 0x0f, 0xa0, 0x90,
	0xab, 0x90, 0xa8, 0x8a, 0x03, 0xa9, 0x98, 0x00, 0x10, 0xfe, 0x00, 0x00,
	0x20, 0xfd, 0x00, 0x04, 0x20, 0x00, 0x00, 0x08, 0x01, 0xfd, 0x00, 0x0a,
	0xb9, 0xaa, 0x0f, 0x8f, 0xf9, 0xa0, 0x90, 0xab, 0x90, 0xa8, 0x88, 0x1f,
	0x02, 0x79, 0x20, 0x16, 0x41, 0x49, 0x51, 0xa3, 0xc2, 0x2e, 0xa2, 0x09,
	0x01, 0x12, 0x49, 0x49, 0x4b, 0x02, 0xa8, 0xe0, 0x48, 0xc2, 0x00, 0x03,
	0x8f, 0xa8, 0x0a, 0x2a, 0x00, 0x2a, 0x02, 0x22, 0x14, 0x00, 0x0a, 0x2e,
	0x36, 0x5b, 0x5b, 0x09, 0x84, 0xef, 0xa4, 0x30, 0xeb, 0x1e, 0xd4, 0x1b,
	0x0d, 0x17, 0xe4, 0x04, 0xe6, 0x9b, 0xfe, 0x00, 0x01, 0x22, 0x58, 0xfb,
	0x00, 0x14, 0x00, 0x03, 0x20, 0x86, 0x41, 0x49, 0x59, 0xb7, 0x83, 0xae,
	0xb2, 0x0b, 0x21, 0xd6, 0x49, 0x4d, 0x5e, 0x06, 0xac, 0xe0, 0xd8, 0xfe,
	0x00, 0x01, 0xf8, 0x20, 0xfb, 0x00, 0x1f, 0x00, 0x4b, 0x5f, 0x96, 0xae,
	0xaf, 0x9a, 0xf7, 0x8f, 0xae, 0x35, 0xf3, 0x7f, 0xd6, 0xae, 0xbc, 0x9f,
	0xf6, 0xcd, 0x92, 0xf6, 0xff, 0x40, 0x0b, 0x03, 0xfc, 0x95, 0x75, 0x17,
	0x7e, 0x51, 0x75, 0x1f, 0x06, 0xcc, 0xa4, 0x59, 0x5b, 0x5b, 0x61, 0xa8,
	0x30, 0x71, 0xc2, 0xec, 0x1c, 0x29, 0x59, 0x53, 0x61, 0xc1, 0xb0, 0xe9,
	0x0b, 0xff, 0x40, 0x0a, 0x8f, 0x5c, 0xf5, 0xff, 0x95, 0xfe, 0x71, 0x77,
	0x08, 0x06, 0xc8, 0x02, 0xc0, 0x01, 0x10, 0x00, 0x00, 0x78, 0xfe, 0x00,
	0x01, 0x20, 0x10, 0xfe, 0x00, 0x0e, 0x80, 0x00, 0x82, 0x01, 0xff, 0x40,
	0x0f, 0x73, 0xf8, 0xb5, 0xff, 0x95, 0xfe, 0x71, 0x77, 0x1f, 0x01, 0x30,
	0xa2, 0xe1, 0x40, 0x40, 0x04, 0x00, 0x78, 0x00, 0x0a, 0x44, 0xa4, 0x11,
	0x40, 0x42, 0x21, 0x09, 0x12, 0x62, 0x03, 0x00, 0x00, 0x03, 0x73, 0xfb,
	0x40, 0x00, 0x42, 0x01, 0x04, 0x00, 0x14, 0x00, 0x0c, 0xae, 0x99, 0x50,
	0x40, 0x61, 0x18, 0x48, 0x51, 0xc2, 0x4c, 0x3c, 0x39, 0x53, 0x53, 0x61,
	0xe1, 0x30, 0xeb, 0x0a, 0xfe, 0x00, 0x01, 0x03, 0x50, 0xfb, 0x00, 0xff,
	0x00, 0x11, 0xa0, 0x01, 0x4b, 0x5b, 0x04, 0xa0, 0x00, 0x20, 0x0a, 0xa4,
	0x80, 0x01, 0x48, 0x52, 0x20, 0x09, 0x92, 0xe4, 0xfd, 0x00, 0x00, 0xfc,
	0xfa, 0x00, 0x03, 0x88, 0x27, 0xf1, 0x0f, 0xfe, 0xff, 0x18, 0xfd, 0xc7,
	0xff, 0xff, 0xdf, 0xe3, 0xff, 0xff, 0xef, 0xf7, 0x77, 0xff, 0xeb, 0xfc,
	0x2a, 0x80, 0x03, 0x01, 0x7a, 0x22, 0x02, 0xa2, 0x02, 0x22, 0x02, 0x1f,
	0xa8, 0x6e, 0x3f, 0x69, 0xff, 0x7f, 0xf5, 0xfa, 0xcc, 0xe2, 0xcb, 0xfd,
	0xbf, 0x3d, 0xff, 0x5a, 0x8b, 0xcd, 0x7e, 0x9f, 0x1b, 0x7a, 0xa0, 0x00,
	0x36, 0xba, 0x22, 0x06, 0xa2, 0x42, 0x22, 0x02, 0x1f, 0xa8, 0x68, 0xae,
	0x06, 0x1b, 0xcb, 0x6b, 0x0f, 0x8a, 0x75, 0x93, 0x2a, 0x7c, 0x72, 0x49,
	0x81, 0xfc, 0xa0, 0x80, 0x05, 0xa6, 0x7a, 0xa0, 0x03, 0xc9, 0x74, 0x22,
	0x06, 0xa2, 0x42, 0x22, 0x02, 0x1f, 0x02, 0x9a, 0x9e, 0xf7, 0xa0, 0xa0,
	0x9e, 0x05, 0x3e, 0x97, 0x18, 0x32, 0xde, 0x47, 0xa0, 0x81, 0x76, 0xa1,
	0xfa, 0x0c, 0xbf, 0x80, 0x08, 0x8d, 0xc9, 0x78, 0x88, 0xa8, 0x08, 0xa8,
	0x88, 0xa8, 0x03, 0x00, 0x07, 0xf1, 0x07, 0xfe, 0xff, 0x12, 0xfd, 0xc7,
	0xff, 0xff, 0x9e, 0xe2, 0xff, 0xff, 0x97, 0xf6, 0x6b, 0x7b, 0x1b, 0xfc,
	0x00, 0x00, 0x02, 0x20, 0x28, 0xfb, 0x00, 0xfa, 0x00, 0x00, 0x02, 0xfe,
	0x00, 0xff, 0x01, 0xff, 0x00, 0x04, 0x48, 0x08, 0x04, 0x04, 0x80, 0xfd,
	0x00, 0x01, 0xfe, 0x80, 0xfb, 0x00, 0x1f, 0x01, 0xc0, 0x00, 0x51, 0x5a,
	0xb1, 0x05, 0x26, 0x30, 0x55, 0x19, 0xd3, 0x81, 0x02, 0x10, 0xf0, 0x1a,
	0x3c, 0x00, 0xe0, 0x00, 0x54, 0x02, 0x1f, 0x00, 0x3f, 0xd5, 0x54, 0x45,
	0xbd, 0x8c, 0xd8, 0x1f, 0x01, 0x62, 0xcb, 0xf4, 0xa4, 0x44, 0x3a, 0x1b,
	0x27, 0xae, 0xf6, 0x2f, 0xc7, 0xef, 0xeb, 0xff, 0xbe, 0x2f, 0xdf, 0xb8,
	0xf8, 0xfd, 0xc0, 0x1c, 0x0b, 0xdf, 0xdf, 0x5f, 0xfd, 0xbd, 0x8c, 0xdd,
	0x1f, 0x01, 0xe3, 0xc0, 0xf0, 0xa4, 0x40, 0x1a, 0x09, 0x23, 0x8a, 0xa6,
	0x24, 0x42, 0xed, 0xe9, 0x0f, 0xa4, 0x57, 0xdf, 0x78, 0xf8, 0xfd, 0xc2,
	0x1e, 0xf4, 0x33, 0xdf, 0x5f, 0xfd, 0xbd, 0x8c, 0xd9, 0x03, 0x04, 0x1e,
	0xff, 0x0f, 0xfe, 0xff, 0x18, 0xfd, 0xdf, 0xfb, 0xef, 0xfc, 0x7e, 0xfd,
	0xff, 0x2f, 0xe5, 0x93, 0xff, 0x5f, 0xff, 0x00, 0x00, 0x04, 0xf4, 0x30,
	0x00, 0x80, 0x00, 0x40, 0x51, 0x04, 0xfa, 0x00, 0x00, 0x02, 0xfe, 0x00,
	0xff, 0x01, 0xff, 0x00, 0x04, 0x60, 0x08, 0x0c, 0x00, 0xe0, 0xfe, 0x00,
	0x00, 0x02, 0xf9, 0x00, 0xea, 0x00, 0x02, 0x01, 0xff, 0xc0, 0xfb, 0x00,
	0x0f, 0xa8, 0x60, 0x04, 0x41, 0x7b, 0x92, 0x03, 0x48, 0x10, 0x97, 0xff,
	0x6a, 0x80, 0x10, 0x80, 0x04, 0xfe, 0x10, 0xff, 0x02, 0x0a, 0x90, 0x00,
	0x23, 0x00, 0x7c, 0xa2, 0x82, 0xa8, 0x10, 0x00, 0x82, 0x1f, 0xa8, 0x7f,
	0xfd, 0x5c, 0x84, 0x6d, 0xbb, 0x9d, 0xff, 0x00, 0x00, 0x04, 0x01, 0x02,
	0x68, 0x59, 0x50, 0x90, 0x50, 0xa6, 0xd7, 0xd0, 0x2a, 0xa0, 0x3f, 0xfc,
	0xe2, 0x83, 0xac, 0x00, 0x00, 0xc2, 0x1f, 0xa8, 0x7d, 0x5d, 0x5c, 0x04,
	0x6d, 0xbb, 0x9d, 0x7d, 0x00, 0x00, 0x04, 0x00, 0x02, 0x68, 0x09, 0x10,
	0x04, 0x10, 0x26, 0x43, 0xd0, 0x2a, 0xad, 0xc0, 0x74, 0xe2, 0x83, 0xac,
	0x00, 0x00, 0xc2, 0x08, 0x02, 0x82, 0xa0, 0x03, 0xfb, 0x92, 0x44, 0x62,
	0x82, 0xfd, 0xff, 0x12, 0xfd, 0x97, 0xfe, 0xef, 0xeb, 0xef, 0xf9, 0xbc,
	0x2a, 0x80, 0x01, 0xc0, 0x72, 0x08, 0x28, 0x02, 0xba, 0xaa, 0x28, 0xe9,
	0x00, 0x01, 0x2a, 0xe0, 0xfb, 0x00, 0xea, 0x00, 0x01, 0x02, 0xff, 0xfa,
	0x00, 0x1f, 0x07, 0xbc, 0xaa, 0x08, 0x20, 0x09, 0x39, 0x45, 0x28, 0x08,
	0x01, 0x00, 0x00, 0x2a, 0xd0, 0x82, 0xaf, 0xa5, 0xd7, 0xa8, 0xd1, 0x69,
	0x00, 0x06, 0x00, 0x37, 0x51, 0x70, 0x06, 0xa8, 0xed, 0x45, 0x1f, 0x07,
	0xdf, 0xea, 0x0b, 0xff, 0xa9, 0x7b, 0x57, 0x2b, 0xf7, 0x64, 0xd0, 0x00,
	0x3f, 0xff, 0x97, 0xff, 0xa5, 0xff, 0xbf, 0xff, 0x69, 0xc0, 0x00, 0x07,
	0xf7, 0xff, 0x77, 0xfe, 0xaa, 0xed, 0x47, 0x1f, 0x07, 0xff, 0xea, 0x0b,
	0xff, 0xa9, 0x7b, 0x57, 0x2b, 0xf7, 0x64, 0xd0, 0x00, 0x3f, 0xff, 0x97,
	0xff, 0xa5, 0xff, 0xbf, 0xff, 0x69, 0xc0, 0x0f, 0xf8, 0x37, 0xff, 0x77,
	0xfe, 0xaa, 0xed, 0x47, 0xf8, 0x00, 0x16, 0x08, 0x9b, 0x2f, 0xff, 0xc0,
	0x00, 0x68, 0x00, 0x5a, 0x00, 0x40, 0x00, 0x16, 0x00, 0x13, 0xf8, 0x38,
	0x00, 0x00, 0x01, 0x55, 0x10, 0x10, 0xea, 0x00, 0x01, 0x04, 0x07, 0xfa,
	0x00, 0xea, 0x00, 0x02, 0x01, 0xff, 0xc0, 0xfb, 0x00, 0x1f, 0x88, 0x44,
	0xb0, 0x00, 0x00, 0x02, 0x09, 0x20, 0x00, 0x88, 0x02, 0xa1, 0x02, 0x94,
	0x4f, 0x9e, 0xd2, 0xbe, 0xba, 0xad, 0x2a, 0xa4, 0x00, 0x3c, 0x00, 0x6e,
	0xea, 0x28, 0x88, 0x42, 0x00, 0x2a, 0x0c, 0x88, 0x7e, 0xb0, 0x03, 0x74,
	0x02, 0x09, 0x28, 0x86, 0xef, 0x2e, 0xa5, 0x02, 0xfe, 0xde, 0x0f, 0xff,
	0xbf, 0xff, 0xff, 0x7a, 0xa4, 0x2a, 0xb0, 0x9b, 0x8e, 0xae, 0x2a, 0xe8,
	0x42, 0x00, 0x2a, 0x1f, 0x88, 0x7e, 0xb0, 0x03, 0x74, 0x02, 0x09, 0x28,
	0x86, 0xef, 0x2e, 0xad, 0x82, 0xde, 0xdf, 0xde, 0xff, 0xbf, 0xff, 0xff,
	0x7a, 0xa4, 0x2a, 0xbf, 0xe4, 0x76, 0xae, 0x2a, 0xe8, 0x42, 0x00, 0x2a,
	0x01, 0x02, 0x80, 0xf8, 0x00, 0x04, 0x02, 0xfd, 0x20, 0x00, 0x20, 0xfc,
	0x00, 0x0a, 0x0a, 0x80, 0x03, 0x64, 0x40, 0x40, 0x80, 0x02, 0xa8, 0xaa,
	0x80, 0xea, 0x00, 0x02, 0x0c, 0x8a, 0xa0, 0xfb, 0x00, 0xea, 0x00, 0x02,
	0x03, 0x7f, 0x80, 0xfb, 0x00, 0x1f, 0x01, 0x85, 0xdc, 0x00, 0x00, 0x45,
	0x5c, 0x44, 0x00, 0x54, 0x05, 0xfa, 0x00, 0x3c, 0x46, 0x2f, 0xc4, 0x04,
	0x05, 0xd5, 0xf8, 0x59, 0x00, 0x2c, 0x00, 0x6d, 0x46, 0x44, 0x04, 0xbd,
	0xf9, 0x41, 0x1f, 0x01, 0xbd, 0xdc, 0x05, 0xdc, 0x45, 0x5c, 0x54, 0x05,
	0x54, 0x5d, 0xfa, 0x03, 0x3d, 0xde, 0x2b, 0xdd, 0x9d, 0xdd, 0xdd, 0xf9,
	0xdb, 0xc4, 0x60, 0x04, 0xee, 0xfd, 0xcf, 0xfc, 0xbd, 0xf9, 0xd1, 0x1f,
	0x01, 0xbd, 0xdc, 0x05, 0xdc, 0x45, 0x5c, 0x54, 0x05, 0x54, 0x5d, 0xfa,
	0x03, 0x3d, 0xde, 0x2f, 0xdd, 0x9d, 0xdd, 0xdd, 0xf9, 0xdb, 0xc4, 0x7a,
	0xfb, 0x5e, 0xfd, 0xcf, 0xfc, 0xbd, 0xf9, 0xd1, 0x01, 0x04, 0x40, 0xf8,
	0x00, 0x14, 0x05, 0xfc, 0xc0, 0x01, 0xd0, 0x00, 0x40, 0x00, 0x00, 0x04,
	0x04, 0x00, 0x02, 0xfb, 0x41, 0x02, 0x10, 0x01, 0x40, 0x04, 0x04, 0xea,
	0x00, 0x02, 0x09, 0x04, 0x40, 0xfb, 0x00, 0xea, 0x00, 0x02, 0x07, 0xff,
	0x80, 0xfb, 0x00, 0x04, 0x28, 0x03, 0xaa, 0x02, 0x2a, 0xfe, 0xaa, 0x17,
	0x0a, 0xaa, 0xaa, 0xa8, 0x00, 0x12, 0x21, 0x50, 0x88, 0xa0, 0xaa, 0x0a,
	0x80, 0x0a, 0xa0, 0x0c, 0x00, 0x7a, 0xaa, 0x8a, 0xa8, 0x00, 0x02, 0xaa,
	0x03, 0x28, 0x53, 0xaa, 0x2a, 0xfa, 0xaa, 0x14, 0xa9, 0x55, 0x12, 0x20,
	0x10, 0x88, 0xa0, 0xaa, 0x0a, 0x80, 0x0a, 0xaa, 0x82, 0xaa, 0xfa, 0xaa,
	0x8a, 0xf8, 0x00, 0x02, 0xaa, 0x03, 0x28, 0x53, 0xaa, 0x2a, 0xfa, 0xaa,
	0x14, 0xa9, 0x55, 0x12, 0x23, 0xf0, 0x88, 0xa0, 0xaa, 0x0a, 0x80, 0x0a,
	0xaa, 0x9b, 0xff, 0x5a, 0xaa, 0x8a, 0xf8, 0x00, 0x02, 0xaa, 0x01, 0x02,
	0xa8, 0xf8, 0x00, 0x14, 0x02, 0xaa, 0xa8, 0x88, 0x0a, 0x22, 0x0a, 0x00,
	0xa0, 0x2a, 0xa0, 0x00, 0x29, 0x55, 0x40, 0x00, 0x20, 0x02, 0xaa, 0xa8,
	0x00, 0xea, 0x00, 0x01, 0x02, 0xaa, 0xfa, 0x00, 0xea, 0x00, 0x02, 0x05,
	0x55, 0x80, 0xfb, 0x00, 0x1f, 0x04, 0x07, 0xd0, 0x00, 0x00, 0x55, 0x7f,
	0x00, 0x05, 0x55, 0x05, 0xf4, 0x41, 0x6c, 0x02, 0xb4, 0x01, 0x2a, 0xd0,
	0x00, 0x07, 0x50, 0x00, 0x78, 0x00, 0xd7, 0x40, 0x10, 0x07, 0xbd, 0x7c,
	0x00, 0x1f, 0x06, 0xaf, 0xd0, 0x07, 0xd0, 0x55, 0x7f, 0x00, 0x05, 0x55,
	0x05, 0xf6, 0xff, 0x6f, 0x50, 0x35, 0x55, 0x2a, 0xd5, 0x55, 0x47, 0x57,
	0x41, 0x71, 0x50, 0x5d, 0xef, 0x13, 0xff, 0xbf, 0x7c, 0x55, 0x1f, 0x06,
	0xaf, 0xd0, 0x07, 0xd0, 0x55, 0x7f, 0x00, 0x05, 0x55, 0x05, 0xf6, 0xff,
	0x6f, 0x52, 0xb5, 0x55, 0x2a, 0xd5, 0x55, 0x47, 0x57, 0x41, 0x7d, 0x7f,
	0xfd, 0xef, 0x13, 0xff, 0xbf, 0x7c, 0x55, 0x01, 0x01, 0x50, 0xf8, 0x00,
	0x14, 0x01, 0x00, 0x90, 0x05, 0x40, 0x00, 0x55, 0x00, 0x00, 0x10, 0x00,
	0x00, 0x1c, 0x2f, 0x42, 0x10, 0x44, 0x00, 0x40, 0x01, 0x00, 0xea, 0x00,
	0x02, 0x03, 0xd0, 0x80, 0xfb, 0x00, 0xea, 0x00, 0x01, 0x06, 0xaf, 0xfa,
	0x00, 0x1f, 0x88, 0x46, 0xa8, 0x8a, 0xa8, 0xaa, 0xa8, 0xa8, 0xaa, 0x28,
	0xab, 0xa0, 0x2a, 0x00, 0x88, 0x28, 0x28, 0x15, 0x42, 0x88, 0xaa, 0x02,
	0x00, 0xf0, 0x81, 0x82, 0x22, 0xa2, 0x8a, 0x60, 0x22, 0x88, 0x1f, 0x8c,
	0x16, 0xa8, 0x8a, 0xa8, 0xaa, 0xa8, 0xa8, 0xaa, 0x28, 0xab, 0xa4, 0x6a,
	0x40, 0xa8, 0x2a, 0x28, 0x11, 0x42, 0xaa, 0xaa, 0x02, 0x28, 0xf3, 0x78,
	0x0a, 0x22, 0xa2, 0xee, 0x40, 0x22, 0x8a, 0x1f, 0x8c, 0x16, 0xa8, 0x8a,
	0xa8, 0xaa, 0xa8, 0xa8, 0xaa, 0x28, 0xab, 0xa4, 0x6a, 0x40, 0xa8, 0x2a,
	0x28, 0x1f, 0xc2, 0xaa, 0xaa, 0x02, 0x28, 0xdf, 0xef, 0xe2, 0x22, 0xa2,
	0xee, 0x60, 0x22, 0x8a, 0x01, 0x02, 0xe8, 0xf8, 0x00, 0x14, 0x0a, 0x80,
	0xaa, 0x02, 0x80, 0x82, 0xa0, 0x28, 0x00, 0x00, 0xa8, 0x80, 0x1c, 0x86,
	0x08, 0x88, 0x08, 0x00, 0x8a, 0x88, 0x20, 0xea, 0x00, 0x02, 0x03, 0xe9,
	0x80, 0xfb, 0x00, 0xea, 0x00, 0x01, 0x0c, 0x96, 0xfa, 0x00, 0x1f, 0x04,
	0x0b, 0xc0, 0x00, 0x40, 0x50, 0x5f, 0xc0, 0x5b, 0xd7, 0xcf, 0xc5, 0x40,
	0x40, 0x04, 0x40, 0x5c, 0x6a, 0x6b, 0x40, 0x00, 0x44, 0x00, 0x70, 0x03,
	0x35, 0xdc, 0x44, 0x05, 0xbd, 0xcc, 0xc0, 0x1f, 0x05, 0xab, 0xc0, 0x05,
	0x40, 0x50, 0x5f, 0xc0, 0x5b, 0xd7, 0xcf, 0xdf, 0xd5, 0xfd, 0xd5, 0xd5,
	0xdd, 0xe0, 0x23, 0xd5, 0xd1, 0xd4, 0x40, 0xe7, 0xf0, 0x3d, 0xfd, 0xcd,
	0xff, 0xbd, 0xcc, 0xd5, 0x1f, 0x05, 0xab, 0xc0, 0x05, 0x40, 0x50, 0x5f,
	0xc0, 0x5b, 0xd7, 0xcf, 0xdf, 0xd5, 0xfd, 0xd5, 0xd5, 0xdd, 0xee, 0x6b,
	0xd5, 0xd1, 0xd4, 0x40, 0xdd, 0xff, 0xfd, 0xfd, 0xcd, 0xff, 0xbd, 0xcc,
	0xd5, 0x01, 0x00, 0x54, 0xf2, 0x00, 0x0e, 0x11, 0x94, 0x00, 0x04, 0x00,
	0x00, 0x08, 0x0e, 0x00, 0x00, 0x10, 0x00, 0x40, 0x11, 0x00, 0xea, 0x00,
	0x01, 0x17, 0xf1, 0xfa, 0x00, 0xea, 0x00, 0x01, 0x0a, 0x0c, 0xfa, 0x00,
	0x01, 0x08, 0x16, 0xfd, 0xaa, 0x02, 0xba, 0xaa, 0x9a, 0xfd, 0xaa, 0x12,
	0xa0, 0x2a, 0xa0, 0x50, 0x95, 0x55, 0x28, 0x2a, 0x28, 0x20, 0xf2, 0xa6,
	0x4a, 0x02, 0x0a, 0xa8, 0x50, 0x00, 0xaa, 0x01, 0x08, 0x56, 0xfd, 0xaa,
	0x02, 0xba, 0xaa, 0x9a, 0xfe, 0xaa, 0x13, 0xa2, 0xaa, 0xaa, 0xa0, 0x50,
	0x95, 0x55, 0x2a, 0xaa, 0x28, 0x28, 0xe9, 0x48, 0x4a, 0x06, 0x0e, 0xa8,
	0x50, 0x00, 0xaa, 0x01, 0x08, 0x56, 0xfd, 0xaa, 0x02, 0xba, 0xaa, 0x9a,
	0xfe, 0xaa, 0x13, 0xa2, 0xaa, 0xaa, 0xa0, 0x50, 0x95, 0x7d, 0x2a, 0xaa,
	0x28, 0x28, 0xf7, 0xed, 0xca, 0x06, 0x0e, 0xa8, 0x50, 0x00, 0xaa, 0x01,
	0x02, 0xa8, 0xf7, 0x00, 0x13, 0x08, 0x00, 0x00, 0x0a, 0xaa, 0x2a, 0x82,
	0x80, 0x00, 0x82, 0x80, 0x26, 0xa4, 0x20, 0xa8, 0xa0, 0x02, 0xaa, 0xaa,
	0x00, 0xea, 0x00, 0x01, 0x1b, 0xf8, 0xfa, 0x00, 0xea, 0x00, 0x01, 0x06,
	0xb2, 0xfa, 0x00, 0x0b, 0x04, 0x0f, 0x10, 0x01, 0x51, 0x11, 0x7f, 0x00,
	0x75, 0x55, 0x17, 0x15, 0xfe, 0x00, 0x10, 0x16, 0xab, 0x3f, 0xea, 0xc0,
	0x05, 0x43, 0x00, 0x31, 0xc6, 0xf4, 0xff, 0x54, 0x07, 0xab, 0xd5, 0x10,
	0x1f, 0x00, 0x8f, 0x10, 0x05, 0x51, 0x11, 0x7f, 0x40, 0x75, 0x55, 0x17,
	0x75, 0x11, 0x50, 0x55, 0x56, 0x0b, 0x3f, 0xea, 0xc5, 0x45, 0x43, 0x00,
	0x36, 0x30, 0xfc, 0xff, 0x55, 0x7f, 0xab, 0xd5, 0x1d, 0x1f, 0x04, 0x8f,
	0x10, 0x05, 0x51, 0x11, 0x7f, 0x40, 0x75, 0x55, 0x17, 0x75, 0x11, 0x50,
	0x55, 0x56, 0xab, 0x3f, 0xea, 0xc5, 0x45, 0x43, 0x00, 0x2f, 0xfb, 0xfc,
	0xff, 0x55, 0x7f, 0xab, 0xd5, 0x1d, 0x01, 0x01, 0x70, 0xf4, 0x00, 0x0a,
	0x01, 0x54, 0x40, 0x15, 0x10, 0x10, 0x14, 0x00, 0x69, 0xc8, 0x01, 0xfe,
	0x00, 0x02, 0x54, 0x00, 0x40, 0xea, 0x00, 0x01, 0x07, 0xf2, 0xfa, 0x00,
	0xea, 0x00, 0x01, 0x19, 0xcc, 0xfa, 0x00, 0x09, 0x0a, 0x16, 0xa2, 0x8a,
	0xa8, 0xaa, 0xea, 0xaa, 0xaa, 0xae, 0xfe, 0xaa, 0x12, 0x80, 0xa0, 0x05,
	0x54, 0x22, 0xa0, 0x2a, 0xa0, 0x22, 0x00, 0xf6, 0x87, 0x20, 0x40, 0x00,
	0x8a, 0x04, 0x08, 0xa8, 0x09, 0x0a, 0x56, 0xa2, 0xaa, 0xa8, 0xaa, 0xea,
	0xaa, 0xaa, 0xae, 0xfe, 0xaa, 0x12, 0x88, 0xa0, 0x05, 0x14, 0x22, 0xa0,
	0x2a, 0xa0, 0x22, 0x08, 0xcd, 0x61, 0x20, 0x40, 0x00, 0xae, 0x04, 0x08,
	0xaa, 0x09, 0x0a, 0x5e, 0xa2, 0xaa, 0xa8, 0xaa, 0xea, 0xaa, 0xaa, 0xae,
	0xfe, 0xaa, 0x12, 0x88, 0xa0, 0x05, 0xd4, 0x22, 0xa0, 0x2a, 0xa0, 0x22,
	0x08, 0xfb, 0xe7, 0x20, 0x40, 0x00, 0xae, 0x04, 0x08, 0xaa, 0x01, 0x00,
	0xa0, 0xf5, 0x00, 0x11, 0x0a, 0xaa, 0x2a, 0x88, 0x0a, 0x80, 0x0a, 0x88,
	0x80, 0x16, 0x80, 0x8a, 0xaa, 0xaa, 0x00, 0xaa, 0xa2, 0x00, 0xea, 0x00,
	0x01, 0x2f, 0xfe, 0xfa, 0x00, 0xea, 0x00, 0x01, 0x06, 0x98, 0xfa, 0x00,
	0x1f, 0x00, 0xbc, 0x54, 0x04, 0x45, 0xc5, 0xfc, 0x41, 0xc4, 0x5f, 0x44,
	0x0d, 0xdd, 0xc0, 0x5b, 0xf2, 0x3d, 0x7c, 0x00, 0x4c, 0xdf, 0xbd, 0xc0,
	0xa7, 0xcc, 0xd5, 0xbb, 0x5c, 0x45, 0xdf, 0xc4, 0x40, 0x1f, 0x05, 0xbc,
	0x54, 0x06, 0x45, 0xc5, 0xfd, 0xc1, 0xc4, 0x5f, 0x44, 0x5d, 0xdd, 0xc0,
	0x5b, 0xf2, 0x3d, 0x7c, 0x54, 0x4d, 0x7f, 0xbd, 0xc0, 0x88, 0x30, 0xfd,
	0xbb, 0x5d, 0x5d, 0xdf, 0xdd, 0xfd, 0x1f, 0x05, 0xbc, 0x54, 0x06, 0x45,
	0xc5, 0xfd, 0xc1, 0xc4, 0x5f, 0x44, 0x5d, 0xdd, 0xc0, 0x5b, 0xf2, 0x3d,
	0x7c, 0x54, 0x4d, 0x7f, 0xbd, 0xc0, 0xff, 0xf6, 0xfd, 0xbb, 0x5d, 0x5d,
	0xdf, 0xdd, 0xfd, 0x01, 0x00, 0x40, 0xf5, 0x00, 0x0c, 0x04, 0x0d, 0xc0,
	0x80, 0x00, 0x00, 0x80, 0x40, 0x00, 0x17, 0xc5, 0x00, 0x44, 0xfc, 0x00,
	0xea, 0x00, 0x01, 0x2f, 0xf0, 0xfa, 0x00, 0xea, 0x00, 0x01, 0x17, 0xc8,
	0xfa, 0x00, 0x06, 0x0a, 0x1a, 0x8a, 0xaa, 0xaa, 0xab, 0xfa, 0xfd, 0xaa,
	0x14, 0x2a, 0xfe, 0xa2, 0x80, 0x00, 0xaa, 0x12, 0x00, 0x08, 0xa1, 0x40,
	0xa0, 0x27, 0xa5, 0xa0, 0x10, 0x2a, 0xa8, 0x08, 0x22, 0xaa, 0x06, 0x0a,
	0x1a, 0x8a, 0xaa, 0xaa, 0xab, 0xfa, 0xfc, 0xaa, 0x13, 0xfe, 0xa2, 0x80,
	0x00, 0xaa, 0x12, 0xaa, 0x88, 0xa1, 0x40, 0xa2, 0x3e, 0x45, 0xa0, 0x10,
	0x2a, 0xe8, 0x08, 0x22, 0xaa, 0x06, 0x0a, 0x1a, 0x8a, 0xaa, 0xaa, 0xab,
	0xfa, 0xfc, 0xaa, 0x13, 0xfe, 0xa2, 0x80, 0x00, 0xaa, 0x12, 0xaa, 0x88,
	0xa1, 0x40, 0xa2, 0xeb, 0xff, 0xa0, 0x10, 0x2a, 0xe8, 0x08, 0x22, 0xaa,
	0x01, 0x00, 0xa0, 0xf5, 0x00, 0x11, 0x2a, 0xaa, 0x00, 0xa8, 0x00, 0x22,
	0x0a, 0xaa, 0x00, 0x27, 0xbc, 0x0a, 0xaa, 0x80, 0x02, 0xa2, 0x88, 0x00,
	0xea, 0x00, 0x01, 0x3f, 0xe0, 0xfa, 0x00, 0xea, 0x00, 0x01, 0x17, 0xb8,
	0xfa, 0x00, 0x1f, 0x00, 0xbd, 0x70, 0x15, 0x00, 0x47, 0xfb, 0x57, 0x40,
	0x7c, 0x00, 0x15, 0xef, 0x41, 0x7f, 0x74, 0x01, 0x6c, 0x00, 0x05, 0x12,
	0xab, 0x01, 0xe3, 0xcd, 0x15, 0xef, 0x01, 0x57, 0xc1, 0x40, 0x00, 0x1f,
	0x00, 0xbd, 0x70, 0x15, 0x00, 0x57, 0xfb, 0x57, 0x51, 0x7c, 0x01, 0xd5,
	0xef, 0x41, 0x7f, 0x75, 0x55, 0x6c, 0x00, 0x15, 0x12, 0x0b, 0x01, 0xcc,
	0x21, 0x55, 0xef, 0x51, 0x5f, 0xc5, 0x55, 0x55, 0x1f, 0x00, 0xbd, 0x70,
	0x15, 0x00, 0x57, 0xfb, 0x57, 0x51, 0x7c, 0x01, 0xd5, 0xff, 0x41, 0x7f,
	0x75, 0x55, 0x6c, 0x00, 0x15, 0x12, 0xaa, 0x01, 0xef, 0xfd, 0x55, 0xef,
	0x51, 0x5f, 0xc5, 0x55, 0x55, 0x01, 0x01, 0x40, 0xf2, 0x00, 0x0e, 0x10,
	0x00, 0x00, 0x45, 0x55, 0x00, 0x63, 0xda, 0x00, 0x10, 0x00, 0x00, 0x10,
	0x00, 0x00, 0xea, 0x00, 0x01, 0x1f, 0xe4, 0xfa, 0x00, 0xea, 0x00, 0x01,
	0x13, 0xd0, 0xfa, 0x00, 0x1f, 0x08, 0x4a, 0xaa, 0xaa, 0x8a, 0xab, 0x6e,
	0xae, 0xaa, 0x8a, 0xa8, 0xab, 0xda, 0xaa, 0x02, 0xa0, 0x80, 0x00, 0x80,
	0xa8, 0x21, 0x54, 0x02, 0x4e, 0x98, 0xa8, 0x42, 0x22, 0xa0, 0x08, 0x88,
	0x88, 0x07, 0x08, 0x4a, 0xaa, 0xaa, 0x8a, 0xab, 0x6e, 0xae, 0xfe, 0xaa,
	0x14, 0xab, 0xda, 0xaa, 0x02, 0xa2, 0xaa, 0x00, 0xa8, 0xa8, 0x21, 0x54,
	0x02, 0x47, 0xe0, 0xa8, 0x42, 0x22, 0xa0, 0x08, 0x8a, 0xaa, 0x1f, 0x08,
	0x4a, 0xaa, 0xaa, 0x8a, 0xab, 0xee, 0xae, 0xaa, 0x8a, 0xaa, 0xab, 0xfa,
	0xaa, 0x02, 0xa2, 0xaa, 0x00, 0xa8, 0xa8, 0x21, 0xd4, 0x02, 0xfb, 0xe6,
	0xa8, 0x42, 0x22, 0xa0, 0x08, 0x8a, 0xaa, 0x01, 0x02, 0xa0, 0xfa, 0x00,
	0x00, 0x20, 0xfd, 0x00, 0x11, 0xa8, 0x08, 0x00, 0xaa, 0x00, 0x02, 0x8a,
	0x2a, 0x80, 0x7e, 0x80, 0x02, 0xa8, 0x88, 0x0a, 0xa2, 0x20, 0x00, 0xea,
	0x00, 0x01, 0x0f, 0xe0, 0xfa, 0x00, 0xea, 0x00, 0x01, 0x3e, 0x98, 0xfa,
	0x00, 0x1f, 0x01, 0xbc, 0x54, 0x54, 0x01, 0xc7, 0xfd, 0xdd, 0x40, 0xfc,
	0x40, 0x57, 0xfc, 0x01, 0xc0, 0x00, 0x00, 0x54, 0x00, 0x04, 0x4e, 0x2b,
	0xc1, 0x4f, 0x9b, 0x05, 0xbc, 0x40, 0x5b, 0xc0, 0x40, 0x00, 0x1f, 0x01,
	0xbc, 0x54, 0x54, 0x01, 0xc7, 0xfd, 0xdd, 0x55, 0xfd, 0xdf, 0xd7, 0xfc,
	0x01, 0xd4, 0x54, 0x55, 0xd4, 0x00, 0x5d, 0xce, 0x0b, 0xc1, 0x1c, 0x43,
	0xd5, 0xbd, 0xc0, 0x5b, 0xd5, 0xdd, 0xd5, 0x1f, 0x01, 0xbc, 0x54, 0x54,
	0x01, 0xc7, 0xfd, 0xdd, 0x55, 0xfd, 0xdf, 0xd7, 0xfc, 0x01, 0xd4, 0x54,
	0x55, 0xd4, 0x00, 0x5d, 0xce, 0x2b, 0xc1, 0xf7, 0xcf, 0xd5, 0xbd, 0xc0,
	0x5b, 0xd5, 0xdd, 0xd5, 0x01, 0x00, 0x40, 0xef, 0x00, 0x08, 0x11, 0xd4,
	0x00, 0x6f, 0x80, 0x00, 0x40, 0x00, 0x04, 0xfe, 0x00, 0xea, 0x00, 0x01,
	0x1f, 0xe8, 0xfa, 0x00, 0xea, 0x00, 0x01, 0x2f, 0xb0, 0xfa, 0x00, 0x1f,
	0x08, 0x0a, 0xaa, 0xaa, 0x02, 0xab, 0xaa, 0xaa, 0xa2, 0xba, 0xa8, 0xaa,
	0xaa, 0x2a, 0xa0, 0x00, 0x22, 0x8a, 0x00, 0xa2, 0xa9, 0x50, 0x23, 0xe3,
	0x9c, 0xa8, 0x00, 0xa2, 0xa0, 0x02, 0xaa, 0x02, 0x05, 0x28, 0x0a, 0xaa,
	0xaa, 0xa2, 0xab, 0xfe, 0xaa, 0x16, 0xba, 0xaf, 0xaa, 0xaa, 0x2a, 0xaa,
	0x8a, 0xaa, 0x8a, 0xa2, 0xa2, 0xa9, 0x10, 0x23, 0x3e, 0x44, 0xa8, 0x00,
	0xaa, 0xa0, 0x02, 0xaa, 0xaa, 0x05, 0x28, 0x0a, 0xaa, 0xaa, 0xa2, 0xab,
	0xfe, 0xaa, 0x16, 0xba, 0xad, 0xaa, 0xaa, 0x2a, 0xaa, 0x8a, 0xaa, 0x8a,
	0xa2, 0xa2, 0xa9, 0xf0, 0x23, 0xdf, 0xdc, 0xa8, 0x00, 0xaa, 0xa0, 0x02,
	0xaa, 0xaa, 0x01, 0x02, 0xa0, 0xf9, 0x00, 0x00, 0x02, 0xfd, 0x00, 0x10,
	0x20, 0x00, 0x20, 0x00, 0x08, 0x02, 0x0a, 0x80, 0x63, 0x82, 0x02, 0xaa,
	0x00, 0x0a, 0xa8, 0x00, 0x00, 0xea, 0x00, 0x01, 0xbf, 0xf8, 0xfa, 0x00,
	0xea, 0x00, 0x01, 0x23, 0xa0, 0xfa, 0x00, 0x1f, 0x04, 0x30, 0x50, 0x10,
	0x03, 0xd7, 0xf0, 0x15, 0x00, 0x75, 0x51, 0x77, 0x00, 0x01, 0x40, 0x00,
	0x00, 0x50, 0x00, 0x74, 0x16, 0xaf, 0x46, 0x8f, 0x17, 0x01, 0xf4, 0x00,
	0x0f, 0xf0, 0x00, 0x00, 0x1f, 0x04, 0x30, 0x50, 0x50, 0x03, 0xd7, 0xf5,
	0x15, 0x50, 0x77, 0xff, 0x77, 0x00, 0x01, 0x50, 0x00, 0x01, 0x50, 0x00,
	0x7e, 0x16, 0x0f, 0x46, 0x30, 0xc7, 0x55, 0xe5, 0x50, 0x0f, 0xf5, 0x55,
	0x55, 0x1f, 0x04, 0x30, 0x50, 0x50, 0x03, 0xd7, 0xf5, 0x15, 0x50, 0x77,
	0xff, 0x77, 0x00, 0x01, 0x50, 0x00, 0x01, 0x50, 0x00, 0x7e, 0x16, 0xef,
	0x47, 0xff, 0xef, 0x55, 0xf5, 0x50, 0x0f, 0xf5, 0x55, 0x55, 0x01, 0x01,
	0xc0, 0xf0, 0x00, 0x05, 0x01, 0x41, 0x10, 0x00, 0x4f, 0x20, 0xfe, 0x00,
	0x00, 0x10, 0xfe, 0x00, 0xea, 0x00, 0x01, 0xbf, 0xc0, 0xfa, 0x00, 0xea,
	0x00, 0x01, 0x4f, 0x30, 0xfa, 0x00, 0x1f, 0x08, 0x2a, 0xa0, 0xa8, 0x0a,
	0xae, 0xa8, 0xaa, 0x8a, 0xaa, 0xaa, 0x8e, 0xa8, 0x8a, 0x88, 0x88, 0x8a,
	0x06, 0x88, 0x00, 0x29, 0x56, 0x8c, 0x0e, 0x96, 0x88, 0x02, 0x88, 0x84,
	0x2a, 0xa8, 0x08, 0x05, 0x08, 0x2a, 0xa0, 0xa8, 0x8a, 0xae, 0xfd, 0xaa,
	0x01, 0xae, 0x8e, 0xfe, 0xaa, 0x10, 0x8a, 0xaa, 0x02, 0x88, 0x04, 0x29,
	0x16, 0x8c, 0x3f, 0x46, 0xa8, 0x02, 0xaa, 0x84, 0x2a, 0xae, 0xaa, 0x05,
	0x08, 0x2a, 0xa0, 0xa8, 0x8a, 0xae, 0xfd, 0xaa, 0x01, 0xae, 0x8e, 0xfe,
	0xaa, 0x10, 0x8a, 0xaa, 0x06, 0x88, 0x04, 0x29, 0xf6, 0x8f, 0xff, 0xbe,
	0xa8, 0x02, 0xaa, 0x84, 0x2a, 0xae, 0xaa, 0x01, 0x02, 0x80, 0xf4, 0x00,
	0x10, 0x20, 0x00, 0xa8, 0x00, 0xaa, 0x82, 0x08, 0x00, 0xce, 0xa8, 0x02,
	0xa8, 0x00, 0x2a, 0x80, 0x00, 0x00, 0xea, 0x00, 0x01, 0x3f, 0xd0, 0xfa,
	0x00, 0xea, 0x00, 0x01, 0xce, 0xe0, 0xfa, 0x00, 0x1f, 0x01, 0xc4, 0x40,
	0x00, 0x0f, 0xdf, 0x40, 0x0d, 0x40, 0x44, 0x05, 0xfd, 0x40, 0x00, 0x00,
	0x14, 0x01, 0xbc, 0x01, 0x8b, 0xc2, 0xa8, 0x41, 0x3f, 0x30, 0x00, 0x5c,
	0x00, 0x22, 0x80, 0x44, 0x00, 0x1f, 0x01, 0xc4, 0x40, 0x40, 0x0f, 0xdf,
	0x44, 0x0d, 0x40, 0x5d, 0x5f, 0xfd, 0x44, 0x00, 0x04, 0x15, 0x41, 0xbc,
	0x01, 0x8b, 0xc2, 0x09, 0x00, 0x64, 0x81, 0x44, 0x5d, 0xd4, 0x22, 0x99,
	0xdd, 0xdd, 0x1f, 0x01, 0xc4, 0x40, 0x40, 0x0f, 0xdf, 0x44, 0x0d, 0x40,
	0x5d, 0x1f, 0xfd, 0x44, 0x00, 0x04, 0x15, 0x41, 0xbc, 0x01, 0x8b, 0xc2,
	0xe9, 0x43, 0xdf, 0xb9, 0x44, 0x5d, 0xd4, 0x22, 0x99, 0xdd, 0xdd, 0x00,
	0x04, 0xf8, 0x00, 0x00, 0x40, 0xfd, 0x00, 0x09, 0x40, 0x00, 0x40, 0x00,
	0x74, 0x05, 0x14, 0x05, 0xbf, 0x24, 0xfe, 0x00, 0x03, 0x5d, 0x44, 0x00,
	0x00, 0xea, 0x00, 0x01, 0x7f, 0xd0, 0xfa, 0x00, 0xea, 0x00, 0x01, 0xbf,
	0x40, 0xfa, 0x00, 0x04, 0x28, 0xaa, 0xa2, 0xa0, 0x22, 0xfe, 0xaa, 0x17,
	0xa8, 0xaa, 0xaa, 0xae, 0xaa, 0x00, 0x2a, 0x00, 0x2a, 0x02, 0x89, 0x74,
	0xa1, 0x52, 0xaf, 0x2a, 0x62, 0x02, 0x88, 0x02, 0x1b, 0x2a, 0xa2, 0x02,
	0x04, 0x28, 0xaa, 0xa2, 0xaa, 0x22, 0xfe, 0xaa, 0x17, 0xa8, 0xaa, 0xaa,
	0xae, 0xaa, 0xaa, 0x2a, 0x00, 0x2a, 0x02, 0x89, 0x75, 0xe1, 0x52, 0xac,
	0xff, 0x82, 0xaa, 0x88, 0xaa, 0x1b, 0x2a, 0xe2, 0xaa, 0x04, 0x28, 0xaa,
	0xa2, 0xaa, 0x22, 0xfe, 0xaa, 0x17, 0xa8, 0xaa, 0xaa, 0xae, 0xaa, 0xaa,
	0x2a, 0x00, 0x2a, 0x02, 0x89, 0x55, 0xe1, 0xf2, 0xaf, 0xff, 0x9a, 0xaa,
	0x88, 0xaa, 0x11, 0x2a, 0xe2, 0xaa, 0x00, 0x02, 0xf3, 0x00, 0x10, 0xaa,
	0x80, 0xa8, 0x02, 0x8a, 0x0a, 0x08, 0x01, 0x2a, 0x00, 0x00, 0x22, 0x00,
	0xa4, 0x80, 0x08, 0x00, 0xeb, 0x00, 0x02, 0x02, 0xff, 0x80, 0xfa, 0x00,
	0xea, 0x00, 0x01, 0x2a, 0x60, 0xfa, 0x00, 0x18, 0x04, 0x01, 0x00, 0x00,
	0x1f, 0x14, 0x01, 0x5f, 0x11, 0x00, 0x01, 0xff, 0x50, 0x00, 0x14, 0xa8,
	0xf0, 0xf0, 0x06, 0x73, 0x47, 0xac, 0x0a, 0x1e, 0x6c, 0xfe, 0x00, 0x03,
	0x64, 0xc0, 0x10, 0x00, 0x1f, 0x04, 0x01, 0x00, 0x00, 0x1f, 0x14, 0x01,
	0x5f, 0x11, 0x55, 0x7d, 0xff, 0x50, 0x00, 0x14, 0xa8, 0xf0, 0xf0, 0x06,
	0x73, 0x47, 0x0f, 0x08, 0x7d, 0x8d, 0x00, 0x07, 0x55, 0x64, 0xc5, 0x55,
	0x55, 0x1f, 0x04, 0x01, 0x00, 0x00, 0x1f, 0x14, 0x01, 0x5f, 0x11, 0x55,
	0x7d, 0xff, 0x50, 0x00, 0x14, 0xa8, 0xf0, 0xf0, 0x06, 0x03, 0x47, 0xaf,
	0x0f, 0x7f, 0x3d, 0x00, 0x07, 0x55, 0x63, 0xc5, 0x55, 0x55, 0x00, 0x01,
	0xf4, 0x00, 0x11, 0x03, 0x57, 0x05, 0x00, 0x01, 0x8c, 0x10, 0x50, 0x01,
	0x1e, 0x00, 0x00, 0x10, 0x00, 0x18, 0x10, 0x00, 0x00, 0xeb, 0x00, 0x02,
	0x02, 0xff, 0xa0, 0xfa, 0x00, 0xeb, 0x00, 0x02, 0x01, 0x9e, 0xc0, 0xfa,
	0x00, 0x1f, 0x08, 0xaa, 0x88, 0x80, 0xaa, 0xa8, 0x8a, 0xaa, 0xaa, 0xa8,
	0x8a, 0xfe, 0xa8, 0x80, 0x81, 0x55, 0xc2, 0x40, 0x86, 0xf8, 0x01, 0x40,
	0x81, 0xaa, 0x72, 0x8a, 0x88, 0x80, 0x9a, 0x28, 0x88, 0x80, 0x05, 0x88,
	0xaa, 0x88, 0x88, 0xaa, 0xa8, 0xfc, 0xaa, 0x14, 0xfe, 0xaa, 0xa8, 0x85,
	0x55, 0xc2, 0x40, 0x86, 0xd8, 0x01, 0x02, 0xa1, 0xff, 0x12, 0xaa, 0x8a,
	0xaa, 0x9a, 0x2a, 0x8a, 0xaa, 0x05, 0x88, 0xaa, 0x88, 0x88, 0xaa, 0xa8,
	0xfc, 0xaa, 0x14, 0xfe, 0xaa, 0xa8, 0x81, 0xdd, 0x42, 0x40, 0x84, 0x20,
	0x01, 0xc2, 0xa6, 0xfe, 0x72, 0xaa, 0x8a, 0xaa, 0x90, 0xaa, 0x8a, 0xaa,
	0x00, 0x02, 0xf4, 0x00, 0x11, 0x2e, 0x22, 0x28, 0xa8, 0x09, 0x26, 0xaa,
	0x28, 0x0a, 0xaa, 0x08, 0x00, 0x20, 0x00, 0x25, 0x40, 0x20, 0x00, 0xee,
	0x00, 0x00, 0xa8, 0xfe, 0x00, 0x01, 0xff, 0xe0, 0xfe, 0x00, 0x00, 0x0a,
	0xfe, 0x00, 0xeb, 0x00, 0x02, 0x03, 0xab, 0x80, 0xfa, 0x00, 0x1c, 0x00,
	0x44, 0x00, 0x00, 0x7c, 0x00, 0x04, 0x5c, 0x44, 0x40, 0x01, 0xfc, 0x40,
	0x00, 0x82, 0x2a, 0x2e, 0x30, 0x1f, 0xfc, 0x5a, 0x08, 0x0e, 0x7c, 0xcc,
	0x00, 0x14, 0x00, 0x44, 0xfe, 0x00, 0x1f, 0x00, 0x44, 0x00, 0x00, 0x7c,
	0x00, 0x44, 0x5c, 0x44, 0xfc, 0x55, 0xfc, 0x44, 0xc0, 0xc2, 0x2a, 0x2e,
	0x30, 0x1f, 0xfc, 0x5a, 0x0d, 0xcb, 0xfe, 0x0d, 0x44, 0x15, 0xd4, 0x64,
	0x15, 0xd5, 0xd4, 0x1f, 0x00, 0x44, 0x00, 0x00, 0x7c, 0x00, 0x44, 0x5c,
	0x44, 0xfc, 0x55, 0xfc, 0x44, 0xc0, 0x82, 0x2a, 0x2e, 0x30, 0x18, 0x00,
	0x5a, 0x4d, 0xce, 0xde, 0x6d, 0x44, 0x15, 0xd4, 0x63, 0x15, 0xd5, 0xd4,
	0x00, 0x04, 0xf4, 0x00, 0x11, 0x7d, 0xd5, 0xd1, 0xc0, 0x00, 0x43, 0x85,
	0xb0, 0x02, 0x7c, 0x10, 0x00, 0x40, 0x00, 0x18, 0xc0, 0x00, 0x00, 0xef,
	0x00, 0x06, 0x01, 0xf8, 0x00, 0x00, 0x07, 0xff, 0x40, 0xfa, 0x00, 0xea,
	0x00, 0x01, 0x7d, 0x80, 0xfa, 0x00, 0x1f, 0x0a, 0xa0, 0xa2, 0x00, 0xba,
	0x20, 0x2a, 0xaa, 0x8a, 0x8a, 0xaa, 0xea, 0xaa, 0xaa, 0x2f, 0x00, 0x71,
	0xba, 0x3b, 0x5f, 0x01, 0x10, 0x24, 0xd9, 0x9a, 0x2a, 0x8a, 0x00, 0x2a,
	0x40, 0x2a, 0x00, 0x1f, 0x2a, 0xa0, 0xaa, 0x2a, 0xba, 0x22, 0xaa, 0xaa,
	0x8a, 0xea, 0xaa, 0xea, 0xaa, 0xaa, 0xaf, 0x00, 0x71, 0xba, 0x3b, 0xef,
	0x01, 0x12, 0xa7, 0xde, 0x1a, 0xaa, 0x8e, 0xaa, 0xba, 0x4a, 0xaa, 0xaa,
	0x1f, 0x2a, 0xa0, 0xaa, 0x2a, 0xba, 0x22, 0xaa, 0xaa, 0x8a, 0xca, 0xaa,
	0xea, 0xaa, 0xaa, 0x05, 0x00, 0x51, 0x1a, 0x30, 0xb1, 0x01, 0xb2, 0xa8,
	0xae, 0x7a, 0xaa, 0x8e, 0xaa, 0xb0, 0xca, 0xaa, 0xaa, 0x01, 0x00, 0x0a,
	0xfa, 0x00, 0x00, 0x20, 0xfd, 0x00, 0x11, 0xd0, 0xaa, 0x8a, 0x40, 0x06,
	0xf8, 0xaa, 0x48, 0x00, 0xd8, 0x00, 0x00, 0x20, 0x00, 0x05, 0x20, 0x00,
	0x00, 0xf3, 0x00, 0x00, 0x20, 0xfe, 0x00, 0x05, 0x03, 0xf8, 0x00, 0x00,
	0x03, 0xfe, 0xfd, 0x00, 0x00, 0x02, 0xfe, 0x00, 0xea, 0x00, 0x01, 0xf9,
	0x80, 0xfa, 0x00, 0x1f, 0x01, 0x54, 0x00, 0x00, 0x70, 0x00, 0x3c, 0x70,
	0x50, 0x15, 0x75, 0xf1, 0x10, 0x01, 0x70, 0xd1, 0x0c, 0x4c, 0x0e, 0x0e,
	0xaa, 0x08, 0x17, 0xf4, 0xb0, 0x01, 0x7c, 0x00, 0x1d, 0x30, 0x00, 0x00,
	0x1f, 0x15, 0x55, 0x00, 0x00, 0x70, 0x01, 0x7c, 0x70, 0x51, 0xf5, 0x75,
	0xf1, 0x55, 0xf1, 0x70, 0xd1, 0x0c, 0x4c, 0x0f, 0xfe, 0xaa, 0x0f, 0xf3,
	0xbd, 0x35, 0x55, 0xff, 0xf5, 0x7d, 0x35, 0x55, 0x55, 0x1f, 0x15, 0x55,
	0x00, 0x00, 0x70, 0x01, 0x7c, 0x70, 0x51, 0xf5, 0x75, 0xf1, 0x55, 0xf1,
	0x00, 0xd1, 0x0c, 0x0c, 0x01, 0xb0, 0xaa, 0x0f, 0xf6, 0x3a, 0xf5, 0x55,
	0xff, 0xf5, 0x7a, 0x35, 0x55, 0x55, 0xf3, 0x00, 0x09, 0x8f, 0x24, 0xf3,
	0xb0, 0x33, 0xb1, 0x55, 0xf0, 0x0b, 0xb6, 0xfc, 0x00, 0x02, 0xc0, 0x00,
	0x00, 0xef, 0x00, 0x06, 0x07, 0xfc, 0x00, 0x00, 0x07, 0xbc, 0x80, 0xfa,
	0x00, 0xeb, 0x00, 0x01, 0x01, 0xb7, 0xf9, 0x00, 0x05, 0x00, 0x02, 0x88,
	0x08, 0xa8, 0x0a, 0xfe, 0xaa, 0x16, 0x2a, 0xea, 0xa8, 0xa8, 0xab, 0xac,
	0x22, 0x41, 0xa6, 0xbe, 0x16, 0xc5, 0x12, 0x8c, 0xf9, 0xc8, 0x8a, 0x02,
	0x80, 0xaa, 0xc8, 0xa8, 0x80, 0x05, 0xa0, 0x02, 0xaa, 0xaa, 0xa8, 0x8a,
	0xfe, 0xaa, 0xff, 0xea, 0xff, 0xaa, 0x12, 0xab, 0xac, 0x22, 0x41, 0xa6,
	0xb7, 0xfe, 0xc5, 0x17, 0xef, 0x1d, 0x48, 0xaa, 0x02, 0xaa, 0xaa, 0xca,
	0xaa, 0xaa, 0x05, 0xa0, 0x02, 0xaa, 0xaa, 0xa8, 0x8a, 0xfe, 0xaa, 0x16,
	0x6a, 0xea, 0xaa, 0xaa, 0xab, 0x04, 0x22, 0x41, 0x0e, 0xb9, 0x48, 0x45,
	0x97, 0xe4, 0x0b, 0xc8, 0xaa, 0x02, 0xaa, 0xa0, 0x4a, 0xaa, 0xaa, 0x01,
	0x0a, 0xa8, 0xfa, 0x00, 0x00, 0x80, 0xfd, 0x00, 0x11, 0x52, 0x88, 0xaa,
	0x50, 0x01, 0x59, 0x2a, 0x68, 0x04, 0x1b, 0x22, 0x00, 0xa8, 0x00, 0x05,
	0x20, 0x00, 0x00, 0xf3, 0x00, 0x0a, 0x20, 0x00, 0x00, 0x80, 0x0d, 0xfe,
	0x00, 0x00, 0x03, 0x1c, 0x80, 0xfa, 0x00, 0xef, 0x00, 0x00, 0x02, 0xfd,
	0x00, 0x00, 0x1e, 0xf9, 0x00, 0x0a, 0x05, 0xd8, 0x00, 0x00, 0x40, 0x05,
	0xfd, 0x45, 0xd4, 0x1f, 0xd5, 0xfe, 0x40, 0x11, 0x43, 0x59, 0xae, 0x40,
	0x08, 0x2f, 0x3b, 0xac, 0x0f, 0x53, 0x14, 0x05, 0x48, 0x00, 0x55, 0x00,
	0x40, 0x00, 0x1f, 0x05, 0xd8, 0x1c, 0x44, 0x40, 0x0f, 0xfd, 0x45, 0xd5,
	0xdf, 0xd5, 0x45, 0x55, 0x41, 0x43, 0x5b, 0xae, 0x40, 0x0f, 0xdf, 0x3b,
	0xaf, 0xfb, 0x9d, 0x1d, 0x57, 0x4b, 0xd4, 0x55, 0x3d, 0xd5, 0x54, 0x1f,
	0x05, 0xd8, 0x1c, 0x44, 0x40, 0x0f, 0xfd, 0x45, 0xd5, 0xdf, 0xd5, 0x45,
	0x55, 0x40, 0x03, 0x5b, 0xae, 0xb0, 0x06, 0x30, 0x3b, 0xaf, 0xfe, 0xab,
	0x9d, 0x57, 0x4b, 0xd4, 0x50, 0x3d, 0xd5, 0x54, 0x01, 0x00, 0x04, 0xf6,
	0x00, 0x12, 0x01, 0xbc, 0x84, 0x51, 0x0c, 0x56, 0x3c, 0xc4, 0x50, 0x03,
	0x93, 0x40, 0x00, 0x94, 0x00, 0x0a, 0xc0, 0x00, 0x00, 0xf3, 0x00, 0x09,
	0x40, 0x00, 0x00, 0x40, 0x0f, 0xfc, 0x00, 0x00, 0x07, 0xbc, 0xf9, 0x00,
	0xeb, 0x00, 0x01, 0x01, 0xb4, 0xf9, 0x00, 0x1f, 0x22, 0x80, 0x2a, 0x2a,
	0xa8, 0x2a, 0x7a, 0xaa, 0x8a, 0xbf, 0xaa, 0xa2, 0x8a, 0x89, 0xa4, 0x0c,
	0x48, 0xac, 0x8d, 0x36, 0x50, 0x10, 0xaa, 0xb2, 0x42, 0xaa, 0x90, 0x80,
	0xb2, 0xca, 0xaa, 0xa0, 0x09, 0x22, 0x80, 0x2a, 0xaa, 0xa8, 0x2f, 0xfa,
	0xaa, 0x8a, 0xbf, 0xfe, 0xaa, 0x12, 0xab, 0xa4, 0x0c, 0x4c, 0xac, 0x8f,
	0xee, 0x50, 0x10, 0xab, 0x5c, 0x42, 0xaa, 0x91, 0xaa, 0xaa, 0xca, 0xba,
	0xaa, 0x1f, 0x22, 0x80, 0x2a, 0xaa, 0xa8, 0x2f, 0x7a, 0xaa, 0x8a, 0xbf,
	0xaa, 0xaa, 0x8a, 0x89, 0x04, 0x04, 0x4c, 0x44, 0x80, 0x78, 0xd0, 0x10,
	0xac, 0x43, 0xc2, 0xaa, 0x91, 0xaa, 0xa0, 0x4a, 0xba, 0xaa, 0x02, 0x08,
	0x2a, 0x80, 0xfe, 0x00, 0x00, 0x80, 0xfc, 0x00, 0x13, 0x20, 0x22, 0x5a,
	0xb3, 0xa3, 0x12, 0x3c, 0x69, 0x2a, 0xaa, 0x00, 0x52, 0x28, 0x00, 0x2a,
	0x00, 0x1d, 0x20, 0x00, 0x00, 0xf3, 0x00, 0x09, 0x20, 0x00, 0x00, 0xa0,
	0x0e, 0xfa, 0x00, 0x00, 0x01, 0x58, 0xfd, 0x00, 0x00, 0x02, 0xfe, 0x00,
	0xef, 0x00, 0x00, 0x01, 0xfe, 0x00, 0x01, 0x02, 0x5c, 0xf9, 0x00, 0x1f,
	0x15, 0x75, 0x68, 0x15, 0x40, 0x1a, 0xff, 0x15, 0x40, 0x7f, 0xf0, 0x01,
	0x40, 0x03, 0xe0, 0x94, 0xa9, 0xf0, 0x2a, 0x3c, 0x0f, 0x6f, 0x02, 0xd3,
	0xf4, 0x07, 0x6b, 0x00, 0x1b, 0x30, 0x10, 0x00, 0x1f, 0x15, 0x7f, 0x6f,
	0x75, 0x40, 0x3f, 0xff, 0x15, 0x41, 0x7f, 0xf0, 0x05, 0x52, 0x43, 0xe0,
	0x94, 0xa9, 0xf0, 0x2f, 0x7c, 0x0f, 0x6f, 0xf1, 0x97, 0xf4, 0x55, 0xeb,
	0xf0, 0x7b, 0x3d, 0x57, 0x14, 0x1f, 0x15, 0x7f, 0x6b, 0x75, 0x40, 0x3a,
	0xff, 0x15, 0x41, 0x7f, 0xf0, 0x05, 0x52, 0x42, 0x00, 0x80, 0xa8, 0x00,
	0x24, 0xc3, 0x0f, 0x6f, 0xf6, 0x2b, 0xf4, 0x55, 0xeb, 0xf0, 0x78, 0x3d,
	0x17, 0x14, 0xff, 0x00, 0x03, 0x14, 0x00, 0x00, 0x05, 0xf9, 0x00, 0x11,
	0x1f, 0x6b, 0x56, 0x0c, 0x14, 0xf0, 0xf0, 0x10, 0x00, 0x9a, 0x01, 0x02,
	0x14, 0x00, 0x04, 0xc0, 0x40, 0x00, 0xf0, 0x00, 0x06, 0x40, 0x0d, 0x7c,
	0x00, 0x00, 0x03, 0xb0, 0xf9, 0x00, 0xef, 0x00, 0x01, 0x02, 0x80, 0xfe,
	0x00, 0x00, 0xbc, 0xf9, 0x00, 0x1f, 0xaa, 0xa0, 0x02, 0xa0, 0x28, 0xa4,
	0x42, 0xaa, 0x8a, 0x7f, 0xa8, 0x8a, 0x28, 0xa8, 0xf3, 0xeb, 0xc3, 0x68,
	0x9c, 0x79, 0x42, 0x06, 0xaf, 0xe7, 0x22, 0xaa, 0x00, 0x28, 0xa2, 0x8a,
	0xaa, 0x80, 0x1f, 0xaa, 0xa0, 0x46, 0xea, 0x28, 0xbc, 0x42, 0xaa, 0x8a,
	0x7f, 0xa8, 0x8a, 0xa8, 0xaa, 0xfb, 0xeb, 0xc3, 0xec, 0x9f, 0xf9, 0x42,
	0x06, 0xaf, 0xdb, 0x22, 0xaa, 0x01, 0xea, 0xa6, 0x9a, 0xaa, 0xaa, 0x1f,
	0xaa, 0xa0, 0x46, 0xe0, 0x28, 0xb4, 0x42, 0xaa, 0x8a, 0xff, 0xa8, 0x8a,
	0x28, 0xa8, 0x19, 0x41, 0x40, 0x84, 0x91, 0x03, 0xc2, 0x06, 0xac, 0x07,
	0x22, 0xaa, 0x01, 0x6a, 0xa0, 0x1a, 0xaa, 0xaa, 0x1f, 0x00, 0x0a, 0xb8,
	0x0a, 0x80, 0x0a, 0xa8, 0x00, 0x00, 0x08, 0x00, 0x00, 0x80, 0x03, 0x0c,
	0x14, 0x3c, 0x92, 0x2d, 0x64, 0x28, 0xa8, 0x01, 0xc6, 0x88, 0x00, 0xae,
	0x80, 0x0d, 0x60, 0x00, 0x00, 0xf3, 0x00, 0x09, 0x80, 0x08, 0x02, 0xe0,
	0x0f, 0xe8, 0x00, 0x00, 0x01, 0xd8, 0xfc, 0x00, 0x02, 0x80, 0x00, 0x00,
	0xea, 0x00, 0x00, 0xd8, 0xf9, 0x00, 0x1f, 0x05, 0xc4, 0x03, 0xa2, 0x00,
	0x63, 0xbc, 0x04, 0x07, 0xc7, 0xc0, 0x05, 0xc0, 0x97, 0xc4, 0x5c, 0x27,
	0xf4, 0x28, 0x32, 0x9d, 0x4b, 0xc7, 0xe5, 0xf8, 0x44, 0x63, 0x40, 0x59,
	0xdc, 0x44, 0x00, 0x1f, 0x05, 0xcd, 0x83, 0xf0, 0x00, 0x73, 0xbd, 0x54,
	0x07, 0xc7, 0xc0, 0x05, 0xc0, 0xd7, 0xc4, 0x5c, 0x27, 0xf4, 0x2f, 0xf2,
	0x9d, 0x4b, 0xc6, 0xfd, 0xf9, 0xf5, 0x63, 0xfc, 0x59, 0xdf, 0xc4, 0x04,
	0x1f, 0x05, 0xcd, 0x83, 0xa2, 0x00, 0x63, 0xbd, 0x54, 0x07, 0xff, 0xc0,
	0x05, 0xc0, 0x96, 0x00, 0x00, 0x20, 0x04, 0x26, 0xc2, 0x9d, 0x4b, 0xc7,
	0x07, 0xf9, 0xf5, 0x63, 0xfc, 0x58, 0x1f, 0xc4, 0x04, 0x09, 0x00, 0x10,
	0x7c, 0x5d, 0xc0, 0x1c, 0x40, 0x00, 0x00, 0x40, 0xfe, 0x00, 0x12, 0x40,
	0x3b, 0xa3, 0xd9, 0xc8, 0x56, 0xcd, 0x40, 0x94, 0x00, 0xe4, 0x04, 0x00,
	0x9c, 0x00, 0x06, 0x20, 0x10, 0x00, 0xf3, 0x00, 0x09, 0xc0, 0x00, 0x01,
	0xe0, 0x0f, 0xe0, 0x00, 0x00, 0x01, 0x70, 0xf9, 0x00, 0xea, 0x00, 0x00,
	0xf8, 0xf9, 0x00, 0x1f, 0x2a, 0xaa, 0x25, 0x60, 0x08, 0xac, 0x02, 0xaa,
	0x28, 0xa6, 0xa0, 0x29, 0x82, 0x4a, 0xea, 0x2a, 0xef, 0x60, 0x0c, 0xe0,
	0x22, 0xa0, 0xa0, 0x24, 0x83, 0xaa, 0x94, 0xca, 0xa9, 0xca, 0x8a, 0xa2,
	0x1f, 0x2a, 0xaa, 0x65, 0xe0, 0x08, 0xec, 0x02, 0xaa, 0x28, 0x26, 0xa0,
	0xab, 0xaa, 0xca, 0xea, 0xaa, 0xef, 0xe8, 0x8f, 0xe0, 0x22, 0xa0, 0xa0,
	0x7c, 0x93, 0xaa, 0x95, 0x9a, 0xb9, 0xda, 0x8a, 0xaa, 0x1f, 0x2a, 0xaa,
	0x4d, 0x48, 0x08, 0xc4, 0x02, 0xaa, 0x2b, 0xfe, 0xa0, 0xa9, 0x8a, 0x48,
	0x00, 0x80, 0x40, 0x88, 0x81, 0x00, 0x22, 0xa0, 0xa1, 0x86, 0x93, 0xaa,
	0x95, 0x9a, 0xb9, 0x5a, 0x8a, 0xaa, 0xff, 0x00, 0x1d, 0x92, 0x96, 0xa0,
	0x12, 0xa8, 0x00, 0x00, 0x20, 0x00, 0x02, 0x20, 0xa1, 0x15, 0xd5, 0x12,
	0xba, 0x3d, 0x1a, 0x88, 0x0a, 0x02, 0xa0, 0x28, 0x00, 0x2a, 0x60, 0x02,
	0x20, 0x20, 0x00, 0xf8, 0x00, 0x00, 0x80, 0xfd, 0x00, 0x05, 0xa0, 0x00,
	0x03, 0xe0, 0x0f, 0x60, 0xfe, 0x00, 0x00, 0x60, 0xf9, 0x00, 0xee, 0x00,
	0x00, 0x80, 0xfe, 0x00, 0x00, 0xb8, 0xf9, 0x00, 0x1f, 0x11, 0x50, 0x00,
	0x70, 0xe0, 0x93, 0x7c, 0x10, 0x1d, 0xcc, 0x00, 0x17, 0x21, 0x89, 0xe5,
	0x50, 0x17, 0xf4, 0x78, 0xc5, 0x00, 0x47, 0x00, 0xdb, 0x0d, 0x01, 0x2b,
	0x55, 0x56, 0x20, 0x10, 0x00, 0x1f, 0x11, 0x70, 0x81, 0x70, 0xe1, 0xf3,
	0x7d, 0x50, 0x1d, 0x0c, 0x00, 0x17, 0x31, 0x89, 0xf5, 0x54, 0x17, 0xfc,
	0x7f, 0xcd, 0x54, 0x47, 0x00, 0xfb, 0x0d, 0x57, 0xab, 0xff, 0x7e, 0x31,
	0x10, 0x01, 0x1f, 0x11, 0x70, 0x80, 0x00, 0xe1, 0x83, 0x7d, 0x50, 0x1f,
	0xfc, 0x00, 0x17, 0x31, 0x88, 0x10, 0x04, 0x00, 0x0c, 0x67, 0x0d, 0x54,
	0x47, 0x00, 0x4f, 0x0d, 0x57, 0xab, 0xff, 0x7e, 0x31, 0x10, 0x01, 0x1f,
	0x00, 0x05, 0x7f, 0x8f, 0x10, 0x6c, 0x00, 0x00, 0x01, 0x20, 0x00, 0x00,
	0xc0, 0x76, 0x1a, 0xaf, 0xe9, 0xc0, 0x07, 0xb0, 0x01, 0x10, 0x01, 0x48,
	0x70, 0x00, 0x54, 0x00, 0x01, 0xc4, 0x40, 0x00, 0xfe, 0x00, 0x00, 0x10,
	0xfc, 0x00, 0x00, 0xc0, 0xfe, 0x00, 0x06, 0x01, 0xc0, 0x00, 0x07, 0xe0,
	0x0f, 0xc0, 0xfe, 0x00, 0x00, 0x40, 0xf9, 0x00, 0xea, 0x00, 0x00, 0x30,
	0xf9, 0x00, 0x1f, 0xaa, 0x82, 0x5a, 0xe9, 0xaa, 0x2e, 0xa2, 0xa8, 0xae,
	0xb0, 0x08, 0xa7, 0x6a, 0xbb, 0xfa, 0xab, 0xbf, 0xe0, 0x8d, 0x68, 0x8a,
	0x00, 0x82, 0xfe, 0x54, 0x2a, 0xa4, 0x22, 0x28, 0x0a, 0xa2, 0x8a, 0x1f,
	0xaa, 0x82, 0x5a, 0xe9, 0xaa, 0xae, 0xa2, 0xa8, 0xae, 0x12, 0x8a, 0xaf,
	0x6a, 0xbb, 0xfa, 0xab, 0xbf, 0xe0, 0x8e, 0xf8, 0xaa, 0x00, 0xaa, 0xf6,
	0x74, 0x2a, 0xa5, 0x63, 0x28, 0x0a, 0xa2, 0xaa, 0x1f, 0xaa, 0x82, 0x50,
	0x03, 0x2a, 0x06, 0xa2, 0xa8, 0xaf, 0x72, 0x8a, 0xa7, 0xea, 0x10, 0x00,
	0x01, 0x10, 0x00, 0x83, 0x98, 0xaa, 0x00, 0xaa, 0x1e, 0x74, 0x2a, 0xa5,
	0x63, 0x28, 0x0a, 0xa2, 0xaa, 0x1f, 0x00, 0x28, 0xa5, 0x14, 0x40, 0xd0,
	0x08, 0x00, 0x07, 0x48, 0x00, 0x08, 0x00, 0x44, 0xa5, 0x54, 0x40, 0x98,
	0x3a, 0x82, 0x00, 0xaa, 0x00, 0x30, 0xaa, 0x80, 0x0a, 0x88, 0x82, 0xa0,
	0x08, 0x00, 0xfe, 0x00, 0x02, 0xa8, 0x00, 0x20, 0xfe, 0x00, 0x00, 0x20,
	0xfe, 0x00, 0x06, 0x02, 0xe8, 0x88, 0x03, 0xe0, 0x0f, 0x80, 0xfe, 0x00,
	0x00, 0x28, 0xf9, 0x00, 0xf8, 0x00, 0x00, 0x80, 0xeb, 0x00, 0x1f, 0x05,
	0x5c, 0x81, 0xfc, 0x7c, 0x70, 0x54, 0x40, 0x7f, 0x40, 0x00, 0x7e, 0x81,
	0x5f, 0xdd, 0x7c, 0x47, 0xcc, 0x2f, 0xd0, 0x01, 0x29, 0x00, 0x84, 0xd3,
	0xc0, 0x49, 0x93, 0xf5, 0xc0, 0x54, 0x04, 0x1f, 0x05, 0x5d, 0x81, 0xfc,
	0x7c, 0x71, 0xd4, 0x50, 0x7d, 0xcc, 0x04, 0x7c, 0x05, 0x5e, 0xfd, 0xfc,
	0x47, 0xcc, 0x2d, 0x5d, 0xd9, 0x29, 0x40, 0x84, 0xf3, 0xc1, 0xc9, 0xbb,
	0xdd, 0xd9, 0xf4, 0x05, 0x1f, 0x05, 0x5d, 0x80, 0x00, 0x3c, 0x01, 0xd4,
	0x50, 0x7f, 0x8c, 0x04, 0x7e, 0x85, 0x01, 0x20, 0x80, 0x00, 0x0c, 0x22,
	0x9d, 0xd9, 0x29, 0x40, 0xf4, 0x83, 0xc1, 0xc9, 0xb3, 0xdd, 0xd9, 0xf4,
	0x05, 0xff, 0x00, 0x1d, 0x7e, 0x03, 0x81, 0x8c, 0x00, 0x00, 0x0c, 0xb0,
	0x00, 0x01, 0x40, 0xa0, 0xe2, 0x83, 0xb8, 0x30, 0x55, 0x20, 0x04, 0xd4,
	0x00, 0x08, 0x2c, 0x04, 0x16, 0x4c, 0x20, 0x04, 0x00, 0x00, 0xfe, 0x00,
	0x00, 0xfc, 0xfd, 0x00, 0x01, 0x02, 0x40, 0xfe, 0x00, 0x06, 0x07, 0xd0,
	0x40, 0x01, 0xc0, 0x07, 0xc0, 0xf5, 0x00, 0xf9, 0x00, 0x00, 0x01, 0xea,
	0x00, 0x1f, 0xaa, 0xa8, 0x7e, 0xfa, 0xf8, 0xea, 0x8a, 0xaa, 0xa9, 0x88,
	0x0a, 0x3d, 0x42, 0xad, 0x7a, 0xfa, 0x8b, 0xa2, 0x8f, 0xaa, 0x88, 0x50,
	0x20, 0x9a, 0xfc, 0x0a, 0xa0, 0x01, 0x4a, 0xaa, 0xa2, 0x02, 0x1f, 0xaa,
	0xa8, 0x7e, 0xfa, 0xfc, 0xee, 0x8a, 0xaa, 0xab, 0x9a, 0x2a, 0xbc, 0x4b,
	0xaf, 0xfa, 0xfe, 0xab, 0xb2, 0x8f, 0x2a, 0x88, 0x40, 0x28, 0x9a, 0xfc,
	0x0a, 0xe0, 0x01, 0x5e, 0xea, 0xa2, 0x02, 0x1f, 0xaa, 0xa8, 0x54, 0x00,
	0x5c, 0x06, 0x8a, 0xaa, 0x9e, 0x1a, 0x2a, 0x3f, 0xca, 0x02, 0x80, 0x04,
	0x20, 0x12, 0x80, 0x8a, 0x88, 0x70, 0x28, 0x9a, 0x04, 0x0a, 0xe0, 0x01,
	0x5e, 0xea, 0xa2, 0x02, 0x1f, 0x00, 0x02, 0x81, 0x05, 0x03, 0x10, 0x20,
	0x00, 0x0e, 0x60, 0x00, 0x80, 0x21, 0x52, 0xa5, 0x05, 0x76, 0xc8, 0x32,
	0x40, 0x22, 0x8a, 0x80, 0x20, 0x22, 0xa0, 0x0a, 0xaa, 0xa0, 0x00, 0x08,
	0x28, 0xfe, 0x00, 0x06, 0xba, 0x00, 0xa0, 0x00, 0x00, 0x03, 0x80, 0xfe,
	0x00, 0x06, 0x2b, 0xea, 0xaa, 0x03, 0x80, 0x0b, 0x80, 0xfd, 0x00, 0x00,
	0x28, 0xfa, 0x00, 0xe1, 0x00, 0x1f, 0x15, 0x55, 0x81, 0xff, 0xf9, 0xed,
	0x40, 0x01, 0x9b, 0x20, 0x07, 0xfa, 0x82, 0x5f, 0xf5, 0xff, 0xff, 0x80,
	0x1f, 0xd0, 0x5e, 0x03, 0x00, 0x00, 0x4b, 0xc1, 0x57, 0x5f, 0x2d, 0x40,
	0x5c, 0x55, 0x1f, 0x15, 0x55, 0x83, 0xff, 0xf9, 0xfd, 0x40, 0x01, 0xd5,
	0x50, 0x17, 0xd8, 0x06, 0x5f, 0xf7, 0xff, 0xff, 0xc0, 0x1f, 0xd4, 0x5e,
	0x03, 0x40, 0x00, 0x7b, 0xd1, 0x57, 0xff, 0xaf, 0x74, 0x5c, 0x07, 0x1f,
	0x15, 0x55, 0x96, 0x00, 0x08, 0x1d, 0x40, 0x01, 0xbe, 0x10, 0x17, 0xfb,
	0x86, 0x20, 0x02, 0x00, 0x00, 0x40, 0x00, 0x14, 0x5e, 0x03, 0x40, 0x00,
	0xb7, 0xd1, 0x57, 0xff, 0x2f, 0x74, 0x5c, 0x57, 0xff, 0x00, 0x1d, 0x6a,
	0x00, 0x06, 0x12, 0x00, 0x00, 0x54, 0xe0, 0x00, 0x04, 0x41, 0x81, 0x0a,
	0x40, 0x01, 0x70, 0x61, 0x21, 0x01, 0xfc, 0x00, 0x01, 0x70, 0x04, 0x00,
	0x00, 0xd0, 0x01, 0x00, 0x00, 0xfe, 0x00, 0x05, 0x7c, 0x01, 0x40, 0x00,
	0x00, 0x0f, 0xfd, 0x00, 0x06, 0x07, 0xf1, 0xff, 0x47, 0x80, 0x07, 0x80,
	0xfd, 0x00, 0x00, 0x78, 0xfa, 0x00, 0xe1, 0x00, 0x1f, 0xa2, 0xaa, 0x2a,
	0xaa, 0xfa, 0xfe, 0x28, 0x8a, 0x74, 0xe0, 0x8b, 0x55, 0x69, 0xaa, 0xab,
	0x57, 0x7f, 0xe8, 0x0d, 0x02, 0xa4, 0x14, 0x20, 0x03, 0x80, 0x2a, 0x20,
	0x20, 0xd4, 0x0a, 0x02, 0x22, 0x1f, 0xa2, 0xaa, 0xaa, 0xcf, 0xfa, 0xfe,
	0x2a, 0x8a, 0x51, 0x88, 0xab, 0x15, 0x69, 0xaa, 0xeb, 0xff, 0xff, 0xe8,
	0x0f, 0x82, 0xa4, 0x04, 0x28, 0x8b, 0x78, 0x2a, 0x20, 0x65, 0xd4, 0x0a,
	0x02, 0x02, 0x1f, 0xa2, 0xaa, 0x80, 0x35, 0x10, 0x16, 0x2a, 0x8a, 0xed,
	0x08, 0xab, 0xd5, 0xe9, 0x04, 0x00, 0xa8, 0x80, 0x08, 0x02, 0xe2, 0xa4,
	0xb4, 0x28, 0x8b, 0xdc, 0x2a, 0x20, 0x65, 0x54, 0x0a, 0x02, 0x22, 0xff,
	0x00, 0x1d, 0xd5, 0x75, 0x85, 0x80, 0x80, 0x00, 0x0b, 0x60, 0x00, 0x2a,
	0x02, 0x51, 0x54, 0xea, 0xaa, 0x80, 0xba, 0x88, 0x0a, 0x4a, 0x80, 0x00,
	0x5a, 0x80, 0x8a, 0x8a, 0x2a, 0xa0, 0xa8, 0x88, 0xfe, 0x00, 0x06, 0xaa,
	0x82, 0xe0, 0x00, 0x00, 0x36, 0x80, 0xfe, 0x00, 0x06, 0x0a, 0x82, 0xff,
	0xef, 0x80, 0x0f, 0x80, 0xfd, 0x00, 0x00, 0xf8, 0xfa, 0x00, 0xf9, 0x00,
	0x00, 0x08, 0xea, 0x00, 0x1f, 0x45, 0xdf, 0x45, 0xdd, 0xff, 0xfd, 0x40,
	0x04, 0x62, 0x40, 0x03, 0x2e, 0xc6, 0x40, 0x27, 0xbf, 0xff, 0x74, 0x1a,
	0xd4, 0x5a, 0x03, 0x80, 0x00, 0xa6, 0xc4, 0x41, 0x47, 0xa2, 0xc4, 0xbc,
	0x7f, 0x02, 0x45, 0xdf, 0x45, 0xfe, 0xff, 0x19, 0x58, 0x05, 0x56, 0xb0,
	0x47, 0x2e, 0xc6, 0x40, 0x27, 0xff, 0xff, 0xf0, 0x1f, 0xdd, 0xfa, 0x03,
	0x80, 0x00, 0x5a, 0xd7, 0xc1, 0x77, 0xa2, 0xfd, 0xbc, 0x0f, 0x1f, 0x45,
	0xdf, 0x1a, 0x22, 0x00, 0x0d, 0x58, 0x04, 0xb4, 0x30, 0x43, 0x6e, 0xc6,
	0x04, 0x20, 0x40, 0x00, 0xb4, 0x05, 0x1d, 0xfa, 0x03, 0x80, 0x00, 0x8e,
	0xd7, 0xc1, 0x77, 0xa2, 0xfd, 0xbc, 0x7f, 0xff, 0x00, 0x1d, 0xa0, 0x22,
	0x00, 0x42, 0x84, 0x01, 0x1d, 0xc0, 0x04, 0x91, 0x01, 0xbb, 0xd8, 0xff,
	0xdc, 0x80, 0x67, 0xa0, 0x05, 0xfc, 0x40, 0x01, 0x29, 0x00, 0x14, 0x88,
	0x5d, 0x00, 0x40, 0x00, 0xfe, 0x00, 0x05, 0x5c, 0x07, 0xc0, 0x00, 0x00,
	0x7e, 0xfc, 0x00, 0x05, 0x01, 0xff, 0xff, 0x00, 0x1f, 0xc0, 0xfd, 0x00,
	0x00, 0xfc, 0xfa, 0x00, 0xe9, 0x00, 0x00, 0x20, 0xfa, 0x00, 0x1f, 0xaa,
	0xab, 0x72, 0xab, 0xfd, 0xff, 0x02, 0xa8, 0x97, 0x00, 0x29, 0x60, 0x2a,
	0xd0, 0x87, 0x5f, 0xfa, 0x88, 0x35, 0x7a, 0x01, 0x50, 0xa0, 0x02, 0x67,
	0x02, 0x88, 0xa8, 0x7d, 0x0a, 0x12, 0x16, 0x1f, 0xaa, 0xab, 0x72, 0x8b,
	0xff, 0xff, 0x02, 0xa8, 0xae, 0xe0, 0xa9, 0x60, 0x2e, 0xd0, 0x97, 0xff,
	0xfe, 0xc8, 0x3f, 0xfa, 0x81, 0x00, 0xaa, 0xa2, 0xdf, 0x02, 0x88, 0xa9,
	0x7d, 0x0b, 0x12, 0x07, 0x1f, 0xaa, 0xab, 0xd8, 0x30, 0x02, 0x05, 0x02,
	0xa8, 0x78, 0x60, 0xab, 0xe0, 0x2c, 0x70, 0x94, 0xa0, 0x04, 0x48, 0x08,
	0x9a, 0x01, 0x70, 0xaa, 0xa2, 0xa1, 0x02, 0x88, 0xa8, 0x55, 0x0b, 0x12,
	0x17, 0xff, 0x00, 0x1d, 0x05, 0x74, 0xa2, 0xa0, 0xa8, 0x03, 0x69, 0x80,
	0x00, 0x0a, 0x81, 0x0a, 0x28, 0xea, 0xad, 0x20, 0xcd, 0x80, 0xaa, 0x8a,
	0x00, 0x01, 0xa0, 0xa8, 0x22, 0x03, 0x82, 0xa0, 0xa8, 0x28, 0xfe, 0x00,
	0x05, 0xaa, 0xab, 0xa0, 0x00, 0x00, 0xbe, 0xfc, 0x00, 0x05, 0x03, 0xfb,
	0xaa, 0x00, 0x3f, 0x80, 0xfd, 0x00, 0x00, 0xb8, 0xfa, 0x00, 0xe9, 0x00,
	0x00, 0x60, 0xfa, 0x00, 0x1f, 0x01, 0x16, 0x81, 0x7f, 0xff, 0xfd, 0x23,
	0x11, 0xcc, 0x00, 0x1a, 0xb5, 0x01, 0x2c, 0x19, 0xef, 0xb4, 0xb0, 0x39,
	0xc1, 0x7f, 0x8e, 0x00, 0x03, 0xb5, 0xd1, 0x55, 0x33, 0x90, 0xb1, 0xec,
	0x37, 0x1f, 0x01, 0x56, 0x81, 0xff, 0xfb, 0xfd, 0x23, 0x59, 0xbd, 0xc0,
	0x58, 0xb5, 0x01, 0x2d, 0x59, 0xff, 0xf4, 0xb0, 0x3f, 0x85, 0x7f, 0x8e,
	0xf5, 0x03, 0xbd, 0xd5, 0x55, 0xdf, 0x90, 0xbd, 0xec, 0x07, 0x1f, 0x01,
	0x56, 0xfe, 0x00, 0x04, 0x00, 0x23, 0x50, 0x70, 0xc0, 0x5a, 0xb5, 0x00,
	0x2d, 0x58, 0x10, 0x40, 0xb0, 0x06, 0x65, 0x7f, 0x8e, 0xf5, 0x02, 0x03,
	0xd5, 0x55, 0xdb, 0x80, 0xbd, 0xec, 0x37, 0x1f, 0x00, 0x01, 0x00, 0x80,
	0x05, 0xc2, 0xdc, 0x0e, 0x33, 0x00, 0x05, 0x40, 0x06, 0xd0, 0x06, 0x50,
	0x4b, 0x41, 0xce, 0x90, 0x00, 0x71, 0x00, 0x00, 0xb4, 0x00, 0x00, 0x24,
	0x6f, 0x40, 0x10, 0x08, 0xfe, 0x00, 0x05, 0x14, 0x1f, 0xc0, 0x00, 0x01,
	0xfc, 0xfc, 0x00, 0x05, 0x01, 0xe1, 0x00, 0x00, 0x1e, 0xc0, 0xfd, 0x00,
	0x00, 0xfc, 0xfa, 0x00, 0xef, 0x00, 0x00, 0x01, 0xfc, 0x00, 0x00, 0x70,
	0xfa, 0x00, 0x1f, 0x8a, 0xab, 0x57, 0xeb, 0xfd, 0xfe, 0xbc, 0x1b, 0x58,
	0x80, 0x85, 0xa2, 0x86, 0xc2, 0xa0, 0x98, 0xc0, 0x00, 0xe5, 0xf0, 0xa2,
	0x56, 0x08, 0x00, 0x27, 0x2a, 0x00, 0xaa, 0x38, 0x4a, 0x56, 0x26, 0x1f,
	0x8a, 0xab, 0x57, 0xab, 0xff, 0x7e, 0xbc, 0x5b, 0xd7, 0x82, 0xa5, 0xa2,
	0x86, 0xc2, 0xa0, 0xbd, 0xc4, 0x04, 0xff, 0xf0, 0xa2, 0x56, 0xea, 0x88,
	0xff, 0x2a, 0x00, 0xab, 0x39, 0x4a, 0x56, 0x07, 0x1f, 0x8a, 0xab, 0xfd,
	0x02, 0x82, 0xc0, 0x14, 0x50, 0x8b, 0x82, 0x8f, 0xa2, 0x84, 0x42, 0xa0,
	0x35, 0x44, 0x04, 0x18, 0x90, 0xa2, 0x56, 0x6a, 0x89, 0x01, 0x2a, 0x00,
	0xab, 0x11, 0x4a, 0x56, 0x2f, 0xfe, 0x00, 0x1c, 0x56, 0x2a, 0xa9, 0x42,
	0xa4, 0xa6, 0x00, 0x20, 0x08, 0x09, 0x28, 0x0b, 0x62, 0x2a, 0xab, 0x1d,
	0x8a, 0x08, 0xa8, 0x80, 0x02, 0x1c, 0x80, 0xaa, 0x00, 0xc6, 0xa0, 0xa8,
	0x80, 0xfe, 0x00, 0x05, 0xa8, 0xaf, 0xea, 0x00, 0x03, 0xf8, 0xfb, 0x00,
	0x04, 0x80, 0x00, 0x00, 0xaf, 0xe0, 0xfd, 0x00, 0x00, 0xfc, 0xfa, 0x00,
	0xe9, 0x00, 0x00, 0x38, 0xfa, 0x00, 0x1f, 0x00, 0x0f, 0xa2, 0x5f, 0xff,
	0xef, 0xd1, 0x9f, 0xb4, 0x00, 0x22, 0xc4, 0x09, 0x00, 0x00, 0x1d, 0xc5,
	0x81, 0xfb, 0xcc, 0x4c, 0xac, 0x00, 0x03, 0x54, 0xc4, 0xdd, 0x04, 0xa2,
	0x94, 0xb8, 0x13, 0x1f, 0x00, 0x4f, 0xa2, 0xff, 0xfb, 0xeb, 0xd3, 0x9e,
	0x7b, 0xc0, 0x20, 0xdc, 0x09, 0x00, 0x00, 0x3d, 0xc5, 0x85, 0xff, 0x8d,
	0xcc, 0x8d, 0xff, 0x43, 0xec, 0xd4, 0xdd, 0x9e, 0xa2, 0x94, 0xb0, 0x13,
	0x1f, 0x00, 0x4f, 0xee, 0x00, 0x44, 0x14, 0x01, 0x81, 0xcb, 0xc0, 0x26,
	0xdc, 0x08, 0x00, 0x00, 0x3d, 0xc5, 0x84, 0x21, 0x6d, 0xcc, 0xad, 0xff,
	0x42, 0x23, 0xd4, 0xdd, 0x9e, 0xa2, 0x94, 0xb8, 0x07, 0xff, 0x00, 0x1d,
	0x11, 0xa0, 0x45, 0xd0, 0x2e, 0x60, 0x4c, 0x00, 0x59, 0x00, 0x06, 0xc0,
	0x05, 0xc0, 0x00, 0x7e, 0x5b, 0x90, 0x11, 0x50, 0x00, 0x00, 0x68, 0x01,
	0x00, 0x41, 0x5d, 0x49, 0x44, 0x18, 0xfe, 0x00, 0x05, 0x50, 0x1f, 0xd5,
	0x00, 0x07, 0xf0, 0xf8, 0x00, 0x01, 0x7f, 0xc0, 0xfe, 0x00, 0x01, 0x01,
	0xe8, 0xfa, 0x00, 0xe9, 0x00, 0x00, 0x6c, 0xfa, 0x00, 0x1f, 0xaa, 0x2a,
	0xf5, 0x2b, 0xfd, 0xaf, 0xbb, 0xbd, 0x60, 0x02, 0x55, 0x0a, 0x06, 0xc2,
	0x08, 0x22, 0x22, 0x3f, 0xf5, 0x72, 0xa0, 0x52, 0x0a, 0x01, 0x3f, 0x0a,
	0x00, 0xaa, 0x68, 0x08, 0x14, 0x57, 0xff, 0xaa, 0x1d, 0xf5, 0xab, 0xff,
	0xbf, 0xbb, 0xb7, 0x64, 0x82, 0x41, 0x0a, 0x86, 0xc2, 0x28, 0x22, 0x22,
	0x3f, 0xdf, 0x72, 0xa0, 0x52, 0xfa, 0xa1, 0xdd, 0x0a, 0x00, 0xab, 0x6c,
	0x08, 0x14, 0x07, 0xff, 0xaa, 0x1d, 0xff, 0x96, 0x02, 0x70, 0x41, 0x0a,
	0x04, 0x82, 0x7f, 0x0a, 0x84, 0x42, 0x28, 0x22, 0x22, 0x00, 0x40, 0x92,
	0xa0, 0x72, 0xfa, 0xa0, 0x03, 0x0a, 0x00, 0xab, 0x44, 0x08, 0x14, 0x5d,
	0xfe, 0x00, 0x1c, 0xc2, 0x2a, 0xda, 0x04, 0x42, 0x9a, 0x00, 0x80, 0xa0,
	0x09, 0x28, 0x02, 0x88, 0x80, 0xca, 0x95, 0x88, 0x0a, 0x88, 0x00, 0x02,
	0x5c, 0xa0, 0xaa, 0x00, 0x93, 0xa2, 0xaa, 0x20, 0xfe, 0x00, 0x05, 0x28,
	0x2f, 0xeb, 0xa8, 0x2f, 0xe0, 0xfe, 0x00, 0x00, 0x02, 0xfd, 0x00, 0x02,
	0x2a, 0xff, 0x60, 0xfd, 0x00, 0x00, 0xde, 0xfa, 0x00, 0xee, 0x00, 0x00,
	0x80, 0xfd, 0x00, 0x00, 0x58, 0xfa, 0x00, 0x03, 0x00, 0x07, 0xfe, 0x91,
	0xfe, 0xff, 0x18, 0xfb, 0xc4, 0x01, 0xa8, 0x54, 0x0b, 0x00, 0x00, 0x04,
	0x00, 0x6b, 0xf2, 0x68, 0x1f, 0x80, 0x00, 0x07, 0x32, 0xc1, 0xf4, 0x41,
	0x80, 0xf1, 0xaa, 0x01, 0x1f, 0x00, 0x07, 0xff, 0xd1, 0xfd, 0xfe, 0xff,
	0xfc, 0xd7, 0x01, 0x80, 0x54, 0x0b, 0x00, 0x00, 0x04, 0x00, 0x7e, 0x07,
	0xed, 0x1f, 0x8f, 0xff, 0x07, 0xfa, 0xc5, 0xf4, 0x53, 0x80, 0xfb, 0x8a,
	0x01, 0x1f, 0x00, 0x07, 0xff, 0x8e, 0x02, 0x01, 0x00, 0x07, 0x07, 0x01,
	0xbc, 0x54, 0x08, 0x00, 0x00, 0x04, 0x00, 0x14, 0x00, 0x8d, 0x1f, 0x8f,
	0xff, 0x06, 0x45, 0xc5, 0xf4, 0x53, 0x80, 0xfb, 0xaa, 0x04, 0xfe, 0x00,
	0x1c, 0x60, 0x02, 0x74, 0x00, 0x14, 0x38, 0x00, 0x43, 0x00, 0x04, 0xc0,
	0x00, 0x01, 0x01, 0x9e, 0x02, 0xd0, 0x40, 0x70, 0x00, 0x01, 0x4c, 0x10,
	0x01, 0x04, 0x7f, 0x04, 0x54, 0x1a, 0xfd, 0x00, 0x04, 0x1f, 0xff, 0xfc,
	0x7f, 0xc0, 0xf9, 0x00, 0x02, 0x3f, 0xf5, 0xc0, 0xfe, 0x00, 0x01, 0x01,
	0xf8, 0xfa, 0x00, 0xef, 0x00, 0x00, 0x0a, 0xfc, 0x00, 0x00, 0x7c, 0xfa,
	0x00, 0x1f, 0x88, 0xaa, 0xbe, 0x2b, 0xab, 0xff, 0x7f, 0xd4, 0x80, 0x8a,
	0x56, 0x22, 0x82, 0xc0, 0x02, 0x00, 0x0a, 0xd1, 0x50, 0x70, 0x85, 0x50,
	0x88, 0x0b, 0x5f, 0x28, 0x20, 0x0a, 0x4c, 0x42, 0x56, 0x93, 0x1f, 0x88,
	0xaa, 0xbe, 0xab, 0xf7, 0xff, 0xff, 0xfc, 0xb2, 0x8a, 0x06, 0x26, 0x82,
	0xc0, 0x00, 0x00, 0x0a, 0xff, 0xaf, 0xf2, 0x85, 0x16, 0xea, 0x8a, 0xdd,
	0x28, 0x20, 0x0a, 0x5c, 0x52, 0x56, 0x83, 0x1f, 0x88, 0xaa, 0xbe, 0x01,
	0x0c, 0x00, 0x80, 0x29, 0x12, 0x8a, 0xfe, 0x26, 0x80, 0x40, 0x02, 0x00,
	0x0a, 0x24, 0x01, 0x12, 0x85, 0xf6, 0xea, 0x89, 0x23, 0x28, 0x20, 0x0a,
	0x54, 0x52, 0x56, 0x99, 0xfe, 0x00, 0x1c, 0xd4, 0x5c, 0xaa, 0xa8, 0xaa,
	0x68, 0x00, 0x00, 0x88, 0x0d, 0x28, 0xa8, 0xaa, 0xa0, 0x35, 0x01, 0x08,
	0x2a, 0x08, 0x00, 0x00, 0xdc, 0x82, 0x8a, 0xa0, 0xa2, 0xa8, 0xa8, 0x2c,
	0xfd, 0x00, 0x04, 0x2a, 0xaf, 0xfe, 0xfe, 0x80, 0xfe, 0x00, 0x01, 0x02,
	0x80, 0xfe, 0x00, 0x02, 0x3f, 0xff, 0xe0, 0xfe, 0x00, 0x01, 0x01, 0xfe,
	0xfa, 0x00, 0xe9, 0x00, 0x00, 0xf8, 0xfa, 0x00, 0x1f, 0x00, 0x0c, 0xfc,
	0x22, 0x55, 0xff, 0xdf, 0x83, 0x20, 0x04, 0x23, 0x4a, 0x06, 0xd0, 0x44,
	0x24, 0xc0, 0xc2, 0x7c, 0x48, 0x62, 0x08, 0x00, 0x01, 0x74, 0xc0, 0xdd,
	0xc5, 0xa0, 0x95, 0xa8, 0x07, 0x1f, 0x00, 0x0c, 0xfd, 0xa3, 0x57, 0xe7,
	0xb7, 0xff, 0x1c, 0x04, 0x03, 0xca, 0x07, 0xd0, 0x40, 0x24, 0xc0, 0xff,
	0xe7, 0xcd, 0xe0, 0x0f, 0xdc, 0x01, 0xd4, 0xd4, 0xdd, 0xc7, 0xa0, 0xbd,
	0xa0, 0x07, 0x1f, 0x00, 0x0c, 0xfd, 0xae, 0x08, 0x18, 0x68, 0x7c, 0x1c,
	0x04, 0x73, 0xc2, 0x01, 0x10, 0x44, 0x20, 0xc0, 0x20, 0x22, 0xad, 0xe6,
	0x4f, 0xdc, 0x03, 0x02, 0xd4, 0xdd, 0xc7, 0xa0, 0xbd, 0xa8, 0x00, 0xfe,
	0x00, 0x15, 0x51, 0xaa, 0x44, 0x6d, 0xfc, 0xe0, 0x01, 0x8c, 0x1c, 0x19,
	0x20, 0x01, 0xdb, 0x01, 0x60, 0x66, 0xd0, 0x19, 0xb0, 0x00, 0x05, 0x89,
	0xfe, 0x00, 0x03, 0x5f, 0x40, 0x54, 0x18, 0xfd, 0x00, 0x03, 0x15, 0x5f,
	0xdf, 0xff, 0xf8, 0x00, 0x02, 0x7d, 0xba, 0xc0, 0xfe, 0x00, 0x01, 0x01,
	0xd0, 0xfa, 0x00, 0xf0, 0x00, 0x01, 0x02, 0x45, 0xfc, 0x00, 0x00, 0xdc,
	0xfa, 0x00, 0x1f, 0x28, 0x2a, 0xaa, 0x95, 0x2e, 0xff, 0xfd, 0x06, 0x00,
	0x09, 0x40, 0x94, 0xa3, 0xb0, 0x00, 0xfe, 0x20, 0xc1, 0x57, 0x72, 0x95,
	0x52, 0x00, 0x0f, 0x8f, 0x22, 0x8a, 0xaa, 0x15, 0x08, 0x50, 0x13, 0x1f,
	0xa8, 0xaa, 0xaa, 0x95, 0xbb, 0xff, 0xff, 0xfe, 0xca, 0x29, 0x00, 0x94,
	0xa3, 0xb0, 0x00, 0xfe, 0x20, 0xff, 0xd2, 0xf2, 0x90, 0x15, 0xea, 0x2d,
	0xdd, 0x2a, 0x8a, 0xea, 0x55, 0x48, 0x50, 0x83, 0x1f, 0xa8, 0xaa, 0xaa,
	0x9d, 0x01, 0x00, 0x02, 0xd8, 0x4a, 0x29, 0xe8, 0x9c, 0xa0, 0x10, 0x00,
	0x40, 0x20, 0x14, 0xad, 0x92, 0x9f, 0xf5, 0xea, 0x2e, 0xf3, 0x2a, 0x8a,
	0xea, 0x55, 0x48, 0x70, 0x98, 0xfe, 0x00, 0x1c, 0x22, 0xd5, 0xaa, 0xaa,
	0xd9, 0xa0, 0x02, 0xb2, 0x22, 0x0c, 0x4a, 0xeb, 0x09, 0x83, 0x15, 0xf8,
	0x88, 0x20, 0x0a, 0x00, 0x00, 0xdc, 0x80, 0x20, 0x00, 0xaa, 0xa2, 0x8a,
	0x2c, 0xfd, 0x00, 0x03, 0x2a, 0xaf, 0xff, 0xfe, 0xfd, 0x00, 0x07, 0x02,
	0x80, 0x00, 0x0a, 0x00, 0xff, 0xd5, 0xa0, 0xfe, 0x00, 0x01, 0x02, 0xfe,
	0xfa, 0x00, 0xef, 0x00, 0x00, 0x2a, 0xfd, 0x00, 0x01, 0x01, 0xf8, 0xfa,
	0x00, 0x1f, 0x14, 0x15, 0x50, 0x77, 0x83, 0xff, 0xfe, 0x1e, 0x40, 0x06,
	0x0c, 0x2f, 0x07, 0xf0, 0xa0, 0xff, 0x05, 0x89, 0xff, 0xcd, 0x6a, 0x84,
	0x00, 0x06, 0xf0, 0x40, 0x41, 0x40, 0x6a, 0xa6, 0xaa, 0x05, 0x1f, 0x14,
	0x15, 0x50, 0x77, 0x8d, 0xff, 0xff, 0xf6, 0x70, 0x06, 0x0d, 0x23, 0x07,
	0xf0, 0xa1, 0xff, 0x01, 0xff, 0xaa, 0xcd, 0x60, 0x0b, 0xf0, 0x05, 0x98,
	0x54, 0x43, 0xdc, 0xea, 0xae, 0x02, 0x07, 0x1f, 0x14, 0x15, 0x50, 0x77,
	0x8c, 0x10, 0x01, 0xe8, 0x70, 0x07, 0xfd, 0x2f, 0x00, 0x00, 0xa1, 0x20,
	0x04, 0x62, 0x55, 0x0d, 0x6f, 0x8b, 0xf0, 0x06, 0x06, 0x54, 0x43, 0xdc,
	0xea, 0xae, 0xaa, 0x02, 0xfd, 0x00, 0x1b, 0x7e, 0x10, 0x07, 0xe9, 0x80,
	0x00, 0x40, 0x50, 0x18, 0x0d, 0x5f, 0x1c, 0xc2, 0x63, 0x00, 0x30, 0x10,
	0x74, 0x00, 0x00, 0x87, 0x00, 0x14, 0x01, 0x15, 0x51, 0x54, 0x1a, 0xfd,
	0x00, 0x03, 0x01, 0x07, 0xff, 0xee, 0xfd, 0x00, 0x07, 0x07, 0xc0, 0x00,
	0x3e, 0x01, 0xf7, 0xff, 0xc0, 0xfe, 0x00, 0x01, 0x03, 0x98, 0xfb, 0x00,
	0x00, 0x04, 0xfa, 0x00, 0x00, 0x10, 0xf8, 0x00, 0x00, 0x08, 0xfb, 0x00,
	0x00, 0x94, 0xfa, 0x00, 0xff, 0xaa, 0x1d, 0xa8, 0xaa, 0x1b, 0xaf, 0xf5,
	0x37, 0x20, 0x09, 0x12, 0x96, 0xab, 0xe8, 0xfb, 0xf6, 0x80, 0x01, 0xa2,
	0x80, 0x15, 0x42, 0x80, 0x0a, 0x8b, 0x08, 0xa2, 0x2a, 0x20, 0x41, 0x54,
	0x83, 0xff, 0xaa, 0x1d, 0xa8, 0xaa, 0x63, 0xa7, 0x5f, 0xff, 0x20, 0xa8,
	0x12, 0x94, 0xab, 0xe8, 0xfb, 0xfe, 0x80, 0xff, 0xaa, 0x80, 0x11, 0x55,
	0x28, 0x0b, 0xdf, 0x0a, 0xa2, 0x2a, 0x20, 0x41, 0x14, 0x83, 0xff, 0xaa,
	0x1d, 0xa8, 0xaa, 0x41, 0x58, 0xaa, 0x49, 0x20, 0xa9, 0xf2, 0x9e, 0xa0,
	0x00, 0x50, 0x40, 0x00, 0xd6, 0x0c, 0x00, 0x1f, 0xd5, 0x28, 0x08, 0x7d,
	0x0a, 0xa2, 0x2a, 0x20, 0x41, 0xfc, 0x88, 0xfd, 0x00, 0x1b, 0xbc, 0x00,
	0xab, 0x48, 0x88, 0x02, 0x88, 0x20, 0x04, 0x93, 0x04, 0xb7, 0x0b, 0xd6,
	0x59, 0x6a, 0xa0, 0x2a, 0x80, 0x06, 0x5c, 0xa0, 0x08, 0x80, 0x8e, 0xaa,
	0x02, 0x0c, 0xfc, 0x00, 0x02, 0x0a, 0xaf, 0xde, 0xfd, 0x00, 0x07, 0x0b,
	0xe8, 0x02, 0xfe, 0x00, 0xfe, 0xa2, 0x80, 0xfe, 0x00, 0x01, 0x03, 0xfe,
	0xfb, 0x00, 0x00, 0x02, 0xfa, 0x00, 0x00, 0x20, 0xf1, 0x00, 0x00, 0xf8,
	0xfa, 0x00, 0x1f, 0x54, 0x5c, 0x40, 0x5c, 0x03, 0x47, 0xfe, 0x7d, 0xc0,
	0x02, 0x34, 0x68, 0x47, 0xb2, 0x7f, 0xff, 0xc1, 0x83, 0x00, 0x3b, 0x20,
	0x2e, 0x00, 0x0a, 0xb4, 0xc0, 0x1c, 0x41, 0x8f, 0x3a, 0x22, 0x17, 0x1f,
	0x55, 0xdc, 0x40, 0x5d, 0xa3, 0xc7, 0xfd, 0xcd, 0xc0, 0x40, 0x3d, 0x60,
	0x47, 0xf2, 0xff, 0xe3, 0xc1, 0xff, 0x00, 0x3b, 0x20, 0x21, 0xc0, 0x09,
	0x9c, 0xd4, 0x1f, 0xc1, 0x8f, 0x3a, 0x02, 0x17, 0x1f, 0x55, 0xdc, 0x40,
	0x5d, 0xa3, 0x98, 0x03, 0xb1, 0xc0, 0x43, 0xfd, 0x68, 0x40, 0x42, 0x80,
	0x00, 0xc0, 0x6c, 0x04, 0x3b, 0x20, 0x21, 0xc0, 0x0e, 0x46, 0xd4, 0x1f,
	0xc1, 0x8f, 0x3a, 0x22, 0x00, 0xfd, 0x00, 0x1b, 0x5c, 0x20, 0x05, 0xb2,
	0x00, 0x04, 0x00, 0x14, 0x18, 0x4d, 0x81, 0xe0, 0x06, 0xec, 0xfb, 0xc4,
	0xdf, 0xde, 0x00, 0x00, 0x0f, 0x00, 0x40, 0x04, 0x50, 0xc5, 0xdc, 0x18,
	0xfc, 0x00, 0x02, 0x04, 0x5f, 0xbc, 0xfd, 0x00, 0x05, 0x07, 0xf0, 0x07,
	0xfe, 0x01, 0xfe, 0xfc, 0x00, 0x01, 0x03, 0xd8, 0xfb, 0x00, 0x00, 0x04,
	0xfa, 0x00, 0x00, 0x40, 0xf1, 0x00, 0x00, 0xdc, 0xfa, 0x00, 0xff, 0xaa,
	0x1d, 0xa8, 0x2a, 0x8b, 0xda, 0xad, 0x59, 0xaa, 0x0d, 0x4a, 0xaa, 0x8f,
	0x4d, 0xfd, 0x7f, 0x27, 0x46, 0x54, 0x01, 0x10, 0x00, 0xa0, 0x0a, 0x58,
	0x2a, 0x90, 0x88, 0x08, 0x01, 0x54, 0x23, 0x1f, 0xab, 0xaa, 0xa8, 0x2a,
	0x9b, 0xda, 0xa6, 0xf9, 0xaa, 0xac, 0x4a, 0xaa, 0x8f, 0xff, 0xff, 0xd7,
	0x23, 0xfd, 0x14, 0x01, 0x15, 0x1f, 0xa8, 0x0a, 0x4c, 0x2a, 0x91, 0x88,
	0x08, 0x01, 0x54, 0xa3, 0x1f, 0xab, 0xaa, 0xa8, 0x2a, 0x9b, 0xf0, 0x1b,
	0xa3, 0xaa, 0xaf, 0xca, 0xaa, 0x80, 0xb7, 0x02, 0xd5, 0x24, 0x92, 0x14,
	0x01, 0x15, 0x15, 0xa8, 0x0c, 0xa4, 0x2a, 0x91, 0x88, 0x08, 0x01, 0x74,
	0xa0, 0xfd, 0x00, 0x0e, 0x20, 0x05, 0x42, 0xa4, 0x00, 0x00, 0xa0, 0x00,
	0x32, 0xb2, 0x2b, 0x82, 0x8a, 0xd3, 0xea, 0xfe, 0xaa, 0xff, 0x00, 0x07,
	0x07, 0x80, 0x2a, 0x22, 0xa2, 0xaa, 0x8a, 0x0c, 0xfb, 0x00, 0x01, 0x2f,
	0xf8, 0xfd, 0x00, 0x05, 0x0f, 0xe0, 0x2f, 0xfe, 0x01, 0xfe, 0xfc, 0x00,
	0x01, 0x01, 0xee, 0xfb, 0x00, 0x00, 0x02, 0xea, 0x00, 0x01, 0x03, 0xe8,
	0xfa, 0x00, 0x1f, 0x5f, 0x77, 0x00, 0x1c, 0x00, 0xf8, 0x9f, 0xf1, 0x00,
	0x0a, 0x80, 0x00, 0x1f, 0xf1, 0xf8, 0xc7, 0x99, 0xec, 0x5d, 0x02, 0xa2,
	0x74, 0x40, 0x07, 0x96, 0x00, 0x2d, 0x03, 0xf1, 0x56, 0xab, 0x13, 0x1f,
	0x5f, 0xf7, 0x00, 0x1c, 0x74, 0xf8, 0x98, 0xf1, 0x00, 0x58, 0x11, 0x50,
	0x1f, 0xf1, 0xff, 0xc7, 0x81, 0x9f, 0xfd, 0x52, 0xa2, 0xfb, 0x40, 0x07,
	0x8e, 0x54, 0x2f, 0xd3, 0xf1, 0x56, 0x0b, 0x13, 0x1f, 0x5f, 0xf7, 0x00,
	0x1c, 0x74, 0xf8, 0x87, 0x01, 0x00, 0x5b, 0x91, 0x50, 0x00, 0x00, 0x07,
	0x04, 0x9a, 0x01, 0xfd, 0x52, 0xa2, 0xfb, 0x40, 0x00, 0x64, 0x54, 0x2f,
	0xd3, 0xf1, 0x56, 0xab, 0x14, 0xfd, 0x00, 0x1b, 0x01, 0x07, 0x60, 0x0c,
	0x00, 0x04, 0x40, 0x00, 0x61, 0xce, 0x57, 0xc4, 0x06, 0x8b, 0x00, 0x05,
	0x5d, 0x04, 0x00, 0x09, 0x0d, 0x00, 0x50, 0x04, 0x04, 0x21, 0x54, 0x08,
	0xfb, 0x00, 0x01, 0x07, 0xf0, 0xfd, 0x00, 0x05, 0x1f, 0xf0, 0x7f, 0xc4,
	0x01, 0xfc, 0xfc, 0x00, 0x01, 0x05, 0xea, 0xfa, 0x00, 0xf2, 0x00, 0x00,
	0x38, 0xfa, 0x00, 0x01, 0x03, 0xec, 0xfa, 0x00, 0x1f, 0xaa, 0x2e, 0x88,
	0xaa, 0x88, 0xa4, 0x4a, 0xe2, 0x80, 0x85, 0x60, 0x88, 0x3b, 0xef, 0xf5,
	0xdf, 0x03, 0xfe, 0x2a, 0x88, 0x04, 0x42, 0xa8, 0x04, 0x0d, 0x08, 0x92,
	0xa8, 0x02, 0x21, 0x5e, 0x82, 0x1f, 0xaf, 0xee, 0x88, 0xaa, 0x8a, 0xa5,
	0x58, 0xea, 0x88, 0xa4, 0x6a, 0xa8, 0x3f, 0xef, 0xff, 0x5f, 0x03, 0x5f,
	0xea, 0x88, 0x04, 0x56, 0xa8, 0x07, 0x1e, 0x2a, 0x96, 0xa8, 0x03, 0x21,
	0x1e, 0x83, 0x1f, 0xaf, 0x6e, 0x88, 0xaa, 0x8a, 0xa5, 0x57, 0x0a, 0x88,
	0xa7, 0xea, 0xa8, 0x04, 0x04, 0x0a, 0x55, 0x00, 0x01, 0x6a, 0x88, 0x04,
	0x56, 0xa8, 0x00, 0xf7, 0x2a, 0x96, 0xa8, 0x03, 0x21, 0xde, 0x81, 0x1f,
	0x00, 0x80, 0x00, 0x00, 0x20, 0x0a, 0xa0, 0x98, 0x00, 0x08, 0x00, 0x00,
	0xce, 0xb0, 0xef, 0x1a, 0x8c, 0x58, 0x80, 0x22, 0xaa, 0xa8, 0x00, 0x09,
	0x16, 0x80, 0x28, 0x02, 0xa8, 0x8a, 0x20, 0x0d, 0xfb, 0x00, 0x01, 0x0a,
	0xe0, 0xfd, 0x00, 0x05, 0x2a, 0xe0, 0xff, 0xc6, 0x02, 0xf8, 0xfc, 0x00,
	0x01, 0x07, 0xfe, 0xfb, 0x00, 0x00, 0x02, 0xf2, 0x00, 0x00, 0x28, 0xfa,
	0x00, 0x01, 0x01, 0xf8, 0xfa, 0x00, 0x1f, 0xdd, 0xff, 0xc0, 0x50, 0x40,
	0x5c, 0x30, 0xcc, 0x00, 0x1e, 0xc0, 0x01, 0x7f, 0xfb, 0xfb, 0x8b, 0xd5,
	0xff, 0x00, 0x01, 0x5a, 0xb1, 0x80, 0x05, 0x1a, 0x00, 0x68, 0x44, 0x95,
	0xde, 0x28, 0x01, 0x1f, 0xdf, 0xff, 0xc0, 0x50, 0x40, 0x5f, 0xf0, 0xcc,
	0x00, 0x5c, 0x40, 0x41, 0x7f, 0xfb, 0xff, 0x83, 0xd5, 0xbf, 0x85, 0x45,
	0xda, 0xbf, 0x80, 0x03, 0x0e, 0xd4, 0x6b, 0xf6, 0x95, 0xfe, 0x08, 0x01,
	0x1f, 0xdf, 0xff, 0xc0, 0x50, 0x40, 0x5f, 0xf7, 0x0c, 0x00, 0x5e, 0xc0,
	0x41, 0x01, 0x08, 0x04, 0x80, 0xd2, 0x23, 0x85, 0x45, 0xda, 0xbb, 0x80,
	0x04, 0xe0, 0xd4, 0x6b, 0xf6, 0x95, 0xfe, 0x28, 0x00, 0xfb, 0x00, 0x19,
	0x08, 0x30, 0x00, 0x01, 0x00, 0x00, 0x80, 0xc5, 0xdf, 0x00, 0x0e, 0x90,
	0x40, 0x00, 0x05, 0x44, 0x00, 0x0c, 0x09, 0x00, 0x14, 0x01, 0x40, 0x01,
	0xd4, 0x0e, 0xfa, 0x00, 0x00, 0x40, 0xfd, 0x00, 0x05, 0x7d, 0xc1, 0xff,
	0x88, 0x01, 0xf8, 0xfc, 0x00, 0x01, 0x07, 0xee, 0xfa, 0x00, 0xf2, 0x00,
	0x00, 0x74, 0xfa, 0x00, 0x01, 0x01, 0xe8, 0xfa, 0x00, 0x1f, 0xa0, 0x5f,
	0xaa, 0x2a, 0xa0, 0x2a, 0xa5, 0x9a, 0x82, 0x85, 0x22, 0x22, 0xfb, 0xf7,
	0xf7, 0x56, 0x23, 0xfc, 0xaa, 0x02, 0xa5, 0x4a, 0xa0, 0x0b, 0x1c, 0x0a,
	0x92, 0xa8, 0x08, 0x89, 0x52, 0x06, 0x1f, 0xaf, 0xdf, 0xaa, 0x2a, 0xaa,
	0x2a, 0xa5, 0x9a, 0x8a, 0x85, 0x22, 0x2a, 0xfb, 0xf7, 0xff, 0x4e, 0x23,
	0x5c, 0xaa, 0xaa, 0xa5, 0x4a, 0xa0, 0x0d, 0x16, 0x0a, 0xd2, 0xa8, 0x18,
	0x89, 0x52, 0xa6, 0x1f, 0xa5, 0x7f, 0xaa, 0x2a, 0xaa, 0x2a, 0xa7, 0x1a,
	0x8a, 0x87, 0x22, 0x2a, 0x00, 0x14, 0x09, 0x40, 0x20, 0x54, 0xaa, 0xaa,
	0xa7, 0xca, 0xa0, 0x04, 0xe2, 0x0a, 0xd2, 0xa8, 0x18, 0x89, 0xf2, 0xa4,
	0x01, 0x0a, 0x80, 0xfd, 0x00, 0x19, 0x08, 0x60, 0x00, 0x28, 0x80, 0x80,
	0x24, 0x88, 0xae, 0x47, 0x8c, 0x02, 0x00, 0x00, 0x08, 0x20, 0x00, 0x07,
	0x03, 0xa0, 0x28, 0x02, 0xa2, 0x22, 0x08, 0x09, 0xf5, 0x00, 0x05, 0x28,
	0x82, 0xff, 0x1e, 0x02, 0xf8, 0xfc, 0x00, 0x01, 0x0f, 0xf2, 0xfb, 0x00,
	0x00, 0x02, 0xf2, 0x00, 0x00, 0xa0, 0xfa, 0x00, 0x01, 0x03, 0xf4, 0xfa,
	0x00, 0x02, 0x7f, 0xbf, 0xfc, 0xfe, 0x00, 0x19, 0x7f, 0x94, 0x00, 0x6a,
	0x81, 0x40, 0x73, 0x6f, 0xfb, 0xa3, 0x87, 0x9b, 0x50, 0x00, 0x0a, 0xf1,
	0x40, 0x05, 0x89, 0x80, 0x6c, 0x15, 0xd5, 0x12, 0xac, 0x01, 0x02, 0x7f,
	0xbf, 0xfc, 0xfe, 0x00, 0x19, 0x7f, 0xd4, 0x01, 0x60, 0x81, 0xf0, 0x77,
	0x6f, 0xff, 0xbf, 0x87, 0x9b, 0x51, 0x00, 0x08, 0xf5, 0x40, 0x04, 0x0b,
	0x54, 0x6f, 0x5d, 0xd5, 0x12, 0x0d, 0x01, 0x02, 0x7f, 0xbf, 0xfc, 0xfe,
	0x00, 0x19, 0x7f, 0xd4, 0x01, 0x6a, 0x81, 0xf0, 0x05, 0x08, 0x04, 0x84,
	0x80, 0x93, 0x51, 0x00, 0x0b, 0xf5, 0x40, 0x0c, 0x7a, 0xd4, 0x6f, 0x5d,
	0xd5, 0x12, 0xad, 0x00, 0x01, 0x00, 0x40, 0xfc, 0x00, 0x18, 0x20, 0x00,
	0x15, 0x00, 0x01, 0x8c, 0x11, 0x1f, 0x24, 0x19, 0x04, 0x00, 0x00, 0x14,
	0x00, 0x00, 0x1c, 0x0b, 0x00, 0x10, 0x02, 0x20, 0x45, 0x50, 0x06, 0xf5,
	0x00, 0x05, 0x71, 0x01, 0xff, 0xbe, 0x07, 0x90, 0xfc, 0x00, 0x01, 0x02,
	0x7e, 0xfa, 0x00, 0xf4, 0x00, 0x04, 0x80, 0x00, 0x40, 0x00, 0x60, 0xfc,
	0x00, 0x01, 0x06, 0x7c, 0xfa, 0x00, 0x1f, 0x25, 0xd7, 0xae, 0xa8, 0x88,
	0x8a, 0xff, 0xaa, 0x8a, 0x14, 0x09, 0xea, 0xef, 0xfb, 0xf7, 0xff, 0x0b,
	0xfc, 0xaa, 0x8a, 0x25, 0x6a, 0xa0, 0x37, 0x18, 0xaa, 0x80, 0xa0, 0x20,
	0x21, 0x42, 0x80, 0x1f, 0x2d, 0xd7, 0xae, 0xaa, 0xa8, 0x8a, 0xff, 0xaa,
	0x8a, 0x10, 0x09, 0xeb, 0xef, 0xfb, 0xff, 0xff, 0x0b, 0xfd, 0xaa, 0x8a,
	0x25, 0x6a, 0xa0, 0x2e, 0x16, 0xaa, 0x80, 0xa0, 0x20, 0x21, 0x42, 0x84,
	0x1f, 0x2d, 0x7f, 0xae, 0xaa, 0xa8, 0x8a, 0xff, 0xaa, 0x8a, 0x1c, 0x09,
	0x6b, 0x04, 0x10, 0x00, 0x25, 0x04, 0x65, 0xaa, 0x8a, 0x27, 0xea, 0xa0,
	0x3d, 0xe1, 0x2a, 0x80, 0xa0, 0x20, 0x21, 0xc2, 0x84, 0x00, 0x8a, 0xf9,
	0x00, 0x16, 0xa2, 0x82, 0x00, 0x30, 0x86, 0x86, 0x9e, 0xa4, 0xa2, 0x00,
	0x00, 0x88, 0x00, 0x00, 0x0d, 0x03, 0x80, 0x2a, 0x0a, 0x8a, 0x8a, 0x28,
	0x0b, 0xf5, 0x00, 0x05, 0xa0, 0x82, 0xbe, 0xb6, 0x0a, 0xc0, 0xfc, 0x00,
	0x01, 0x0b, 0xf4, 0xfa, 0x00, 0xf2, 0x00, 0x00, 0x08, 0xfa, 0x00, 0x01,
	0x07, 0xf2, 0xfa, 0x00, 0x1f, 0xd2, 0x4b, 0xff, 0x00, 0x00, 0x05, 0xfb,
	0xc4, 0x05, 0xa3, 0x09, 0xf0, 0xf3, 0x47, 0xb2, 0xe2, 0x67, 0xb1, 0x44,
	0x05, 0xcb, 0xc1, 0xc0, 0x3b, 0x0c, 0x00, 0x54, 0x5f, 0xcd, 0xca, 0x34,
	0x00, 0x1f, 0xfa, 0x4b, 0xff, 0xc0, 0x00, 0x05, 0xfb, 0xc4, 0x05, 0xa3,
	0x49, 0xf4, 0xf3, 0xc7, 0xff, 0xfe, 0x07, 0xb9, 0x44, 0x45, 0xdb, 0xc1,
	0xc0, 0x14, 0x0e, 0x10, 0xd7, 0xdf, 0xcd, 0xca, 0x3d, 0x01, 0x1f, 0xfa,
	0x1f, 0xff, 0xc0, 0x00, 0x05, 0xff, 0xc4, 0x05, 0xa3, 0x48, 0x34, 0x00,
	0x80, 0x49, 0x1c, 0x68, 0x01, 0x44, 0x45, 0xdb, 0xc1, 0xc0, 0x26, 0xf0,
	0x10, 0xd7, 0xdf, 0xcd, 0xca, 0x3d, 0x01, 0x01, 0x05, 0xa0, 0xfa, 0x00,
	0x16, 0x5c, 0x06, 0x01, 0x0c, 0xb8, 0x5b, 0x7d, 0x16, 0x0c, 0x00, 0x02,
	0x04, 0x00, 0x00, 0x1a, 0x03, 0xc4, 0x08, 0x00, 0x10, 0x15, 0xc0, 0x07,
	0xf5, 0x00, 0x05, 0x41, 0x07, 0x1e, 0x7c, 0x09, 0x80, 0xfc, 0x00, 0x01,
	0x0e, 0xfd, 0xfa, 0x00, 0xf0, 0x00, 0x00, 0x40, 0xfc, 0x00, 0x01, 0x06,
	0xfe, 0xfa, 0x00, 0x1f, 0x97, 0xb5, 0xbe, 0xa8, 0x00, 0x2a, 0xf5, 0xa8,
	0x02, 0x94, 0xa3, 0xe8, 0xe7, 0xed, 0xb1, 0xd6, 0x3c, 0x42, 0xaa, 0x26,
	0xc4, 0xaa, 0x80, 0x2f, 0x40, 0x42, 0x94, 0xa0, 0x08, 0x81, 0x0a, 0x00,
	0x1f, 0x97, 0xb5, 0xbe, 0xaa, 0x2a, 0xaa, 0xf5, 0xa8, 0x2a, 0x94, 0xa3,
	0xf8, 0xe7, 0xef, 0xbf, 0xfe, 0x28, 0x62, 0xaa, 0x26, 0xd4, 0xaa, 0x80,
	0x2b, 0x06, 0x02, 0x95, 0xe1, 0x09, 0x81, 0x0a, 0xa0, 0x1f, 0x95, 0x1f,
	0xbe, 0xaa, 0x2a, 0xaa, 0xff, 0xa8, 0x2a, 0x94, 0xa0, 0x18, 0x04, 0x02,
	0x06, 0x20, 0x17, 0x22, 0xaa, 0x24, 0x54, 0xaa, 0x80, 0x1b, 0xb8, 0xc2,
	0x95, 0xe1, 0x09, 0x81, 0x0a, 0xa0, 0x01, 0x28, 0x40, 0xfa, 0x00, 0x16,
	0x2a, 0x0c, 0x83, 0x38, 0x92, 0x76, 0x30, 0xa9, 0xb8, 0x00, 0x89, 0x2a,
	0x00, 0x00, 0x33, 0x05, 0xa8, 0x2a, 0x0a, 0xa2, 0x2a, 0xa0, 0x0b, 0xf7,
	0x00, 0x07, 0x02, 0x80, 0xe2, 0x8f, 0xbe, 0xbe, 0x02, 0xc0, 0xfc, 0x00,
	0x01, 0x07, 0xbf, 0xfa, 0x00, 0xea, 0x00, 0x01, 0x0f, 0xbc, 0xfa, 0x00,
	0x1f, 0x41, 0x47, 0xeb, 0x00, 0x00, 0x17, 0xff, 0xc0, 0x00, 0x6c, 0x03,
	0xc5, 0xf7, 0xf8, 0xe7, 0xed, 0x78, 0x7c, 0x00, 0x1b, 0xc3, 0x11, 0x00,
	0x3b, 0x8c, 0x14, 0x00, 0xe7, 0x11, 0x12, 0xc0, 0x00, 0x1f, 0x41, 0x47,
	0xff, 0xd4, 0x05, 0x17, 0xff, 0xc0, 0x00, 0x6d, 0x03, 0xc5, 0xf7, 0xff,
	0xfb, 0xfd, 0x10, 0x7c, 0x00, 0x1b, 0xd3, 0x11, 0x00, 0x0c, 0x07, 0x14,
	0x00, 0xe7, 0x11, 0x12, 0xd5, 0x00, 0x1f, 0x40, 0x37, 0xeb, 0xd4, 0x05,
	0x17, 0xff, 0xc0, 0x00, 0x6d, 0x04, 0x04, 0x00, 0x07, 0x10, 0x11, 0x6f,
	0x8c, 0x00, 0x18, 0x13, 0x11, 0x00, 0x2e, 0x70, 0x94, 0x00, 0xe7, 0x11,
	0x12, 0xd5, 0x00, 0x02, 0x3e, 0x88, 0x14, 0xfb, 0x00, 0x16, 0x10, 0x1d,
	0x32, 0x49, 0x87, 0x12, 0x3a, 0x16, 0x00, 0x00, 0x04, 0x3c, 0x00, 0x00,
	0x12, 0x01, 0x40, 0x3f, 0x18, 0x44, 0x45, 0x00, 0x07, 0xf7, 0x00, 0x09,
	0x03, 0xc1, 0xe1, 0xcf, 0xff, 0x7c, 0x01, 0xc0, 0x00, 0x01, 0xfe, 0x00,
	0x02, 0x16, 0x76, 0x80, 0xfb, 0x00, 0xea, 0x00, 0x01, 0x0a, 0x75, 0xfa,
	0x00, 0x1f, 0x1b, 0xae, 0xfc, 0xaa, 0x88, 0xaa, 0x66, 0x80, 0x08, 0x82,
	0x9b, 0x63, 0x6b, 0x71, 0xf2, 0xd4, 0x7d, 0x70, 0x80, 0xa3, 0xe8, 0xaa,
	0x80, 0x8b, 0x06, 0x00, 0x9b, 0xd4, 0x22, 0x21, 0x2a, 0x81, 0x02, 0x1b,
	0xae, 0xfc, 0xfe, 0xaa, 0x19, 0x66, 0x88, 0xa8, 0x82, 0x99, 0xe3, 0xeb,
	0xff, 0xfe, 0xfc, 0x01, 0xf0, 0x80, 0xa3, 0xe8, 0xaa, 0x88, 0x96, 0x01,
	0x00, 0x9b, 0xd4, 0x32, 0x21, 0x2a, 0x81, 0x02, 0x11, 0x06, 0xf4, 0xfe,
	0xaa, 0x19, 0xe6, 0x88, 0xa8, 0x82, 0x96, 0x80, 0x80, 0x8c, 0x04, 0x28,
	0x7e, 0x90, 0x80, 0xa0, 0x00, 0xaa, 0x88, 0xa7, 0xf9, 0x00, 0x91, 0x54,
	0x32, 0x21, 0x2a, 0x81, 0x02, 0xa4, 0x50, 0x02, 0xfe, 0x00, 0x19, 0x08,
	0x00, 0x00, 0x28, 0x24, 0x88, 0x96, 0x8d, 0xb7, 0x3a, 0x83, 0x88, 0x00,
	0x0c, 0x96, 0x00, 0x00, 0x13, 0x03, 0xea, 0x24, 0x2a, 0x88, 0x8a, 0x80,
	0x0a, 0x01, 0x00, 0x80, 0xf9, 0x00, 0x10, 0x0b, 0x80, 0xe3, 0xef, 0xbe,
	0xf8, 0x00, 0xe0, 0x00, 0x02, 0xa0, 0x00, 0x00, 0x1f, 0xfb, 0x80, 0x08,
	0xfc, 0x00, 0xea, 0x00, 0x01, 0x0b, 0xfa, 0xfa, 0x00, 0x1f, 0x60, 0xd3,
	0xa3, 0x4c, 0x44, 0x1f, 0xfc, 0x00, 0x00, 0x54, 0x27, 0xf1, 0xe2, 0x30,
	0xe3, 0xe4, 0x57, 0xfc, 0x00, 0x49, 0xfb, 0x3c, 0x00, 0x4f, 0x00, 0x24,
	0x2c, 0x02, 0xdc, 0xce, 0xc0, 0x04, 0x1f, 0x60, 0xd3, 0xa3, 0xfc, 0x5f,
	0x1f, 0xfc, 0x40, 0x00, 0x54, 0x22, 0xf1, 0xe7, 0xff, 0xff, 0xfc, 0x0f,
	0xfc, 0x00, 0x49, 0xfb, 0x3c, 0x40, 0x42, 0x03, 0x04, 0x2d, 0x62, 0xdc,
	0xce, 0xdd, 0x44, 0x1f, 0x60, 0x23, 0xe3, 0x6c, 0x5f, 0x1f, 0xfc, 0x40,
	0x00, 0x54, 0x2d, 0x30, 0x05, 0xc9, 0x14, 0x18, 0x58, 0x0c, 0x00, 0x48,
	0x03, 0x3c, 0x40, 0x76, 0xfc, 0x64, 0x20, 0x62, 0xdc, 0xce, 0xdd, 0x44,
	0x03, 0x1f, 0x0c, 0x1c, 0x90, 0xfb, 0x00, 0x15, 0x50, 0x06, 0xdd, 0xd9,
	0xb4, 0x78, 0x01, 0xc0, 0x00, 0x16, 0x04, 0x40, 0x00, 0x26, 0x02, 0xd0,
	0x53, 0xdd, 0x01, 0x11, 0x00, 0x01, 0xf7, 0x00, 0x10, 0x07, 0xc1, 0xc3,
	0xff, 0xfe, 0x70, 0x01, 0xc0, 0x00, 0x01, 0xc0, 0x00, 0x00, 0x0e, 0xff,
	0x80, 0x04, 0xfc, 0x00, 0xea, 0x00, 0x01, 0x1e, 0xfe, 0xfa, 0x00, 0x1f,
	0x96, 0xad, 0x7c, 0x00, 0x20, 0xaa, 0x8a, 0x80, 0x00, 0x2a, 0x8b, 0xc7,
	0x73, 0x71, 0xf2, 0xdc, 0x1f, 0x8a, 0x02, 0x0a, 0xa8, 0x90, 0xa0, 0xf7,
	0x06, 0x40, 0x8a, 0xf4, 0x02, 0x89, 0x2a, 0x80, 0x1f, 0x96, 0xad, 0x7d,
	0x10, 0xb4, 0xaa, 0x8a, 0xa0, 0xa0, 0x2a, 0x89, 0xc3, 0xf3, 0xff, 0xfe,
	0xfc, 0x1c, 0x9a, 0x02, 0x0a, 0xac, 0x90, 0xa8, 0x98, 0x05, 0xc0, 0x8a,
	0xf4, 0x02, 0x89, 0x2a, 0xa0, 0x1f, 0x94, 0x05, 0x55, 0x10, 0x34, 0xaa,
	0x8a, 0xa0, 0xa0, 0x2a, 0x86, 0x44, 0x90, 0x84, 0x04, 0x24, 0x10, 0x82,
	0x02, 0x08, 0x04, 0xb0, 0xa8, 0xdc, 0xf8, 0x20, 0x80, 0x5c, 0x02, 0x89,
	0x2a, 0xa0, 0x06, 0x29, 0x52, 0x82, 0xaa, 0x8a, 0x00, 0x20, 0xfe, 0x00,
	0x15, 0x30, 0x28, 0x8f, 0xa5, 0xb5, 0x22, 0xa0, 0x10, 0x00, 0xa1, 0x52,
	0x0a, 0x00, 0x24, 0x00, 0xea, 0x35, 0x02, 0xa8, 0x22, 0x80, 0x03, 0x01,
	0x00, 0x20, 0xf9, 0x00, 0x10, 0x0a, 0x83, 0xe3, 0xff, 0xba, 0xb8, 0x03,
	0x80, 0x00, 0x00, 0xa0, 0x00, 0x00, 0x2c, 0xfd, 0x00, 0x0a, 0xfc, 0x00,
	0xf0, 0x00, 0x00, 0xe0, 0xfc, 0x00, 0x02, 0x14, 0xfc, 0x80, 0xfb, 0x00,
	0x06, 0x28, 0x72, 0x90, 0xeb, 0xea, 0x15, 0xf4, 0xfe, 0x00, 0x15, 0x47,
	0x53, 0xcb, 0xfb, 0xfe, 0x74, 0x0a, 0x7c, 0x02, 0x16, 0x0c, 0x04, 0x00,
	0x76, 0x03, 0x04, 0x7f, 0x11, 0xb4, 0x56, 0xc0, 0x00, 0x1f, 0x28, 0x72,
	0x90, 0xeb, 0xef, 0x15, 0xf5, 0x50, 0x00, 0x01, 0x47, 0x43, 0xcb, 0xff,
	0xfe, 0x74, 0x08, 0x1c, 0x02, 0x1e, 0x0c, 0x05, 0x40, 0x4c, 0x03, 0x84,
	0x7f, 0x11, 0xb4, 0x56, 0xd5, 0x42, 0x1f, 0x28, 0x02, 0x80, 0xeb, 0xea,
	0x15, 0xf5, 0x50, 0x00, 0x01, 0x58, 0x50, 0x08, 0x04, 0x00, 0x04, 0x03,
	0xdc, 0x02, 0x1e, 0x0c, 0x15, 0x40, 0x0d, 0xfc, 0x24, 0x60, 0x01, 0xb4,
	0x56, 0xd5, 0x42, 0x04, 0x57, 0x8d, 0x6f, 0x14, 0x15, 0xfc, 0x00, 0x15,
	0x20, 0x86, 0x35, 0xdf, 0x19, 0x88, 0x11, 0xa0, 0x01, 0xe1, 0xf0, 0x68,
	0x00, 0x64, 0x00, 0xd0, 0x00, 0xee, 0x41, 0x01, 0x00, 0x01, 0xf7, 0x00,
	0x07, 0x04, 0x01, 0xc1, 0xff, 0x1c, 0x70, 0x03, 0xd0, 0xfc, 0x00, 0x03,
	0x3d, 0xff, 0x60, 0x04, 0xfc, 0x00, 0xf1, 0x00, 0x01, 0x07, 0xe0, 0xfc,
	0x00, 0x02, 0x15, 0xff, 0x80, 0xfb, 0x00, 0x1f, 0xa1, 0xad, 0xab, 0x5c,
	0x48, 0xaa, 0x22, 0x80, 0x08, 0x08, 0x91, 0x06, 0x86, 0xea, 0xe8, 0x32,
	0xbc, 0x4a, 0xa6, 0x8a, 0x28, 0x2e, 0x80, 0xff, 0x10, 0x92, 0x8e, 0xbc,
	0x00, 0x28, 0x28, 0x82, 0x1f, 0xa1, 0xad, 0xab, 0xdd, 0x5f, 0xaa, 0x22,
	0xa8, 0x08, 0x0a, 0x91, 0x02, 0x86, 0xee, 0xe8, 0x32, 0xb8, 0x1a, 0xa6,
	0x8a, 0x28, 0x2e, 0xa8, 0xd0, 0x01, 0x02, 0x8e, 0xbc, 0x00, 0x28, 0x28,
	0xa2, 0x0a, 0xa1, 0x05, 0x01, 0x55, 0x43, 0xaa, 0x22, 0xa8, 0x08, 0x0a,
	0x9b, 0xfe, 0x04, 0x11, 0x40, 0x12, 0xb3, 0xc2, 0xa4, 0x0a, 0x28, 0x16,
	0xa8, 0x9c, 0xee, 0x32, 0x80, 0x14, 0x00, 0x28, 0x28, 0xa2, 0x06, 0x0e,
	0x52, 0x54, 0xa2, 0xb6, 0x00, 0x88, 0xfe, 0x00, 0x15, 0x24, 0x89, 0x69,
	0x1d, 0x16, 0xc8, 0x07, 0x90, 0x09, 0x60, 0x80, 0xc0, 0x00, 0x6c, 0x01,
	0xe8, 0x31, 0x42, 0xaa, 0x82, 0x82, 0x08, 0xf6, 0x00, 0x0f, 0x02, 0x80,
	0xaa, 0x08, 0x00, 0x03, 0xc0, 0x00, 0x80, 0x00, 0x28, 0x00, 0x2c, 0xef,
	0xc0, 0x0a, 0xfc, 0x00, 0xf1, 0x00, 0x01, 0x07, 0xe0, 0xfc, 0x00, 0x02,
	0x1c, 0xef, 0x80, 0xfb, 0x00, 0x1f, 0x4a, 0x02, 0x5c, 0x40, 0x0c, 0x55,
	0xfc, 0x00, 0x00, 0x04, 0x7b, 0x40, 0x02, 0x25, 0xe3, 0x74, 0x1e, 0x73,
	0xa7, 0xd0, 0x00, 0x78, 0x00, 0x2e, 0x03, 0x0c, 0x3f, 0x63, 0xcd, 0x01,
	0xc4, 0x00, 0x1f, 0x4a, 0x42, 0x5c, 0x44, 0x4d, 0xd5, 0xbd, 0xc0, 0x00,
	0x05, 0xfb, 0x00, 0x02, 0x25, 0xe3, 0x74, 0x18, 0x1f, 0xa7, 0xd0, 0x04,
	0x7b, 0x40, 0x10, 0x01, 0xc4, 0x3f, 0x63, 0xcd, 0x01, 0xdd, 0x44, 0x1f,
	0x4a, 0x42, 0x00, 0x00, 0x01, 0xd5, 0xfd, 0xc0, 0x00, 0x05, 0xfb, 0x40,
	0x02, 0x21, 0xe3, 0x74, 0x13, 0xc3, 0xa0, 0x10, 0x04, 0x03, 0x40, 0x59,
	0xfc, 0x2c, 0x20, 0x23, 0xcd, 0x01, 0xdd, 0x44, 0x04, 0x15, 0xfd, 0xa3,
	0xbf, 0xf2, 0xfc, 0x00, 0x15, 0x04, 0x07, 0xc5, 0xda, 0x1c, 0x00, 0x05,
	0xac, 0x59, 0xa0, 0x00, 0x84, 0x00, 0xe8, 0x00, 0x70, 0x40, 0x9c, 0x10,
	0x44, 0x00, 0x01, 0xf1, 0x00, 0x0a, 0x03, 0xc0, 0x01, 0xc0, 0x00, 0x30,
	0x00, 0x39, 0xfd, 0x80, 0x0c, 0xfc, 0x00, 0xf1, 0x00, 0x01, 0x07, 0xe0,
	0xfc, 0x00, 0x02, 0x09, 0xfd, 0x40, 0xfb, 0x00, 0x01, 0x21, 0x6f, 0xfd,
	0xaa, 0x19, 0x42, 0x00, 0x00, 0x28, 0x08, 0x09, 0x2a, 0x00, 0xa0, 0xa8,
	0x3f, 0xae, 0xbd, 0x72, 0x02, 0xde, 0x00, 0xac, 0x01, 0x90, 0x8e, 0xec,
	0x08, 0xa8, 0xa2, 0x82, 0x1f, 0x21, 0x6f, 0xaa, 0xaa, 0xbb, 0xaa, 0x42,
	0xa8, 0x00, 0x29, 0x08, 0x09, 0x2a, 0x00, 0xa0, 0xa8, 0x3c, 0x1f, 0xbf,
	0xf2, 0x02, 0xfe, 0xa0, 0xac, 0x01, 0xe0, 0x8e, 0xfd, 0x08, 0xa8, 0xa2,
	0xaa, 0x1f, 0x21, 0x45, 0x00, 0x00, 0x11, 0xaa, 0x42, 0xa8, 0x00, 0x29,
	0x08, 0x09, 0x2a, 0x00, 0xa0, 0xa8, 0x3b, 0x84, 0x02, 0x12, 0x02, 0x26,
	0xa0, 0xeb, 0xfe, 0x30, 0x80, 0x55, 0x08, 0xa8, 0xa2, 0xaa, 0x1f, 0x0a,
	0x90, 0x55, 0x55, 0x54, 0x00, 0xa8, 0x00, 0x00, 0x02, 0xa2, 0x02, 0x80,
	0xaa, 0x0a, 0x02, 0x80, 0x31, 0x43, 0x08, 0x80, 0x20, 0x00, 0x48, 0x00,
	0x6a, 0x31, 0x02, 0xa2, 0x02, 0x08, 0x00, 0xff, 0x00, 0x02, 0x0a, 0x28,
	0x28, 0xf6, 0x00, 0x0a, 0x0b, 0x80, 0xaf, 0xe0, 0x00, 0x38, 0x00, 0x1f,
	0xff, 0xa0, 0x0a, 0xfc, 0x00, 0xf1, 0x00, 0x01, 0x03, 0xe0, 0xfc, 0x00,
	0x02, 0x3f, 0xff, 0xc0, 0xfb, 0x00, 0x1f, 0x16, 0x80, 0x1f, 0xff, 0xfc,
	0x11, 0xb0, 0x00, 0x00, 0x10, 0xb0, 0x07, 0xc5, 0x16, 0x7a, 0x49, 0x19,
	0x2f, 0xa8, 0x3f, 0x02, 0xce, 0x00, 0xfc, 0x00, 0xc8, 0x5f, 0x43, 0x35,
	0x07, 0x15, 0x01, 0x1f, 0x16, 0x80, 0x1f, 0xff, 0xfe, 0x11, 0xb5, 0x40,
	0x00, 0x10, 0xb4, 0x07, 0xc5, 0x16, 0x7a, 0x49, 0x18, 0x0f, 0xff, 0xff,
	0x02, 0xff, 0x00, 0x28, 0x00, 0xc0, 0x5f, 0x43, 0x3d, 0x27, 0x17, 0x51,
	0x01, 0x16, 0x80, 0xfe, 0x00, 0x1a, 0x11, 0xb5, 0x40, 0x00, 0x10, 0xb4,
	0x07, 0xc5, 0x16, 0x7a, 0x48, 0x01, 0x00, 0x54, 0x4f, 0x02, 0x33, 0x00,
	0xbb, 0xff, 0x58, 0x40, 0x03, 0x3d, 0x27, 0x17, 0x51, 0x1f, 0x01, 0x7f,
	0xe0, 0x00, 0x03, 0x00, 0x40, 0x00, 0x00, 0x07, 0x40, 0x00, 0x10, 0x41,
	0x05, 0xb6, 0xe0, 0x01, 0xfc, 0x40, 0x05, 0x70, 0x00, 0x58, 0x00, 0x70,
	0x20, 0xbc, 0x40, 0x00, 0x40, 0x00, 0xfe, 0x00, 0x01, 0x50, 0x10, 0xf6,
	0x00, 0x0a, 0x01, 0x23, 0xff, 0xe0, 0x00, 0x78, 0x00, 0x5b, 0xff, 0xa0,
	0x0c, 0xfc, 0x00, 0xf1, 0x00, 0x01, 0x07, 0xd0, 0xfc, 0x00, 0x02, 0x3b,
	0xff, 0xc0, 0xfb, 0x00, 0x1f, 0x80, 0xac, 0xaa, 0xfe, 0xfe, 0x0a, 0x08,
	0x80, 0x0a, 0xa6, 0xc0, 0xa5, 0x84, 0x51, 0xfa, 0xff, 0x7c, 0xde, 0x00,
	0x0b, 0x86, 0x50, 0x80, 0x4c, 0x01, 0x92, 0xae, 0xb8, 0x02, 0x8a, 0x22,
	0x8a, 0x1f, 0x84, 0xac, 0xaa, 0xfe, 0xff, 0x0a, 0x0a, 0xa8, 0x0a, 0xa6,
	0xc2, 0xa5, 0x84, 0x51, 0xfa, 0xff, 0xfc, 0xbf, 0xff, 0xfb, 0x86, 0xf8,
	0x80, 0x50, 0x01, 0xf2, 0xae, 0xb8, 0x02, 0x8a, 0x22, 0xaa, 0x1f, 0x84,
	0x04, 0x00, 0x00, 0x01, 0x0a, 0x8a, 0xa8, 0x0a, 0xa4, 0x42, 0xa5, 0x04,
	0x51, 0x50, 0x00, 0x8c, 0x81, 0x00, 0x11, 0x04, 0x88, 0x80, 0xf3, 0xfe,
	0x0a, 0x80, 0x10, 0x02, 0x8a, 0x22, 0xaa, 0x1f, 0x2a, 0x52, 0x55, 0x89,
	0x00, 0xa0, 0x60, 0x00, 0x00, 0x09, 0x28, 0x0a, 0x6a, 0xae, 0x05, 0x0a,
	0xa0, 0x15, 0x2a, 0x94, 0x29, 0xde, 0x00, 0xa0, 0x00, 0x38, 0x19, 0x46,
	0xa8, 0x00, 0x88, 0x00, 0xff, 0x00, 0x02, 0x0a, 0xaa, 0xaa, 0xf7, 0x00,
	0x0b, 0xaf, 0xec, 0xf5, 0xff, 0xe8, 0x00, 0xf8, 0x00, 0x13, 0xff, 0xc0,
	0x0a, 0xfc, 0x00, 0xf1, 0x00, 0x03, 0x03, 0x8a, 0x2a, 0x80, 0xfe, 0x00,
	0x02, 0x63, 0xff, 0xa0, 0xfb, 0x00, 0x0b, 0x14, 0x0a, 0x93, 0xff, 0xfc,
	0x54, 0x10, 0x00, 0x04, 0xe7, 0xf0, 0x7f, 0xfe, 0xff, 0x10, 0x80, 0x1c,
	0x00, 0x45, 0x0b, 0xdf, 0x1f, 0x00, 0x58, 0x00, 0x98, 0x1d, 0xc3, 0x34,
	0x43, 0x84, 0x00, 0x0b, 0x14, 0x0a, 0x97, 0xff, 0xfd, 0x54, 0x15, 0xc0,
	0x04, 0xe7, 0xf4, 0x7f, 0xfd, 0xff, 0x0f, 0xf7, 0xee, 0xfd, 0xf7, 0xdf,
	0xff, 0x40, 0x10, 0x00, 0x60, 0x1f, 0xc3, 0x3c, 0x03, 0x95, 0xc5, 0x0b,
	0x14, 0x0a, 0x84, 0x00, 0x01, 0x54, 0x55, 0xc0, 0x04, 0xe0, 0x34, 0x60,
	0xfe, 0x00, 0x10, 0x60, 0x20, 0x00, 0x00, 0x0c, 0x00, 0x83, 0x40, 0x97,
	0xff, 0x08, 0x02, 0x03, 0x3c, 0x43, 0x95, 0xc5, 0x09, 0x01, 0xf5, 0x6c,
	0x00, 0x02, 0x81, 0xa0, 0x00, 0x00, 0x18, 0xfd, 0x00, 0x11, 0x05, 0xe0,
	0x30, 0x00, 0xba, 0xcc, 0x21, 0x88, 0x01, 0x90, 0x00, 0x74, 0x62, 0x3c,
	0xc0, 0x04, 0x40, 0x00, 0xfe, 0x00, 0x01, 0xfd, 0xdc, 0xfd, 0x00, 0x11,
	0x01, 0x00, 0x00, 0x04, 0x05, 0xdf, 0xff, 0xfb, 0xff, 0xfd, 0xff, 0x07,
	0xec, 0x00, 0x37, 0xff, 0x50, 0x0c, 0xfc, 0x00, 0xf1, 0x00, 0x09, 0x04,
	0x11, 0xff, 0xc0, 0x00, 0x10, 0x00, 0x77, 0xff, 0x60, 0xfb, 0x00, 0x1f,
	0x20, 0x50, 0x6a, 0xfb, 0xff, 0xa9, 0xba, 0xa0, 0x28, 0x6f, 0x8a, 0xf5,
	0x55, 0xd5, 0x50, 0x02, 0x12, 0xee, 0x88, 0x80, 0x50, 0x06, 0x82, 0x34,
	0x01, 0xe0, 0x2a, 0xb4, 0x08, 0x89, 0x28, 0x82, 0x0a, 0x20, 0x50, 0x6a,
	0xff, 0xff, 0xa9, 0xba, 0xa0, 0x28, 0x6f, 0x8a, 0xfc, 0xff, 0x0f, 0xf7,
	0xff, 0xdd, 0xbf, 0xff, 0xfe, 0xa2, 0x40, 0x01, 0x20, 0x2a, 0xf4, 0x08,
	0x89, 0x28, 0xaa, 0x1f, 0x20, 0x50, 0x40, 0x04, 0x01, 0xa9, 0x1a, 0xa0,
	0x28, 0x40, 0x0a, 0xca, 0xaa, 0x2a, 0xa5, 0x00, 0x02, 0x66, 0x77, 0x01,
	0xa5, 0x18, 0xa2, 0xfb, 0xfe, 0x38, 0x00, 0x54, 0x08, 0x89, 0x28, 0xaa,
	0x1f, 0x0a, 0xaa, 0x95, 0x2e, 0xa8, 0x02, 0x40, 0x00, 0x02, 0x92, 0xe0,
	0x0f, 0xfa, 0xaa, 0xf5, 0x3d, 0x88, 0x67, 0x55, 0x61, 0xb5, 0x18, 0x00,
	0xf0, 0x00, 0x7a, 0x95, 0x0a, 0xa2, 0x02, 0x82, 0x00, 0xff, 0x00, 0x02,
	0x02, 0xaa, 0xa8, 0xfd, 0x00, 0x02, 0x0b, 0x80, 0x3f, 0xfd, 0xff, 0x0a,
	0xef, 0xbb, 0xff, 0xbf, 0xff, 0xf8, 0x00, 0x7b, 0xff, 0x40, 0x2a, 0xfc,
	0x00, 0xf2, 0x00, 0x04, 0x3f, 0x9a, 0xef, 0xff, 0xe0, 0xfe, 0x00, 0x02,
	0x3b, 0xff, 0x60, 0xfb, 0x00, 0x0b, 0x06, 0xa9, 0x81, 0x7f, 0xfe, 0xfa,
	0xed, 0xc0, 0x18, 0x9e, 0xc0, 0xe0, 0xfe, 0x00, 0x10, 0x1f, 0x01, 0xff,
	0xab, 0xf0, 0x00, 0x4c, 0x01, 0x48, 0x00, 0x8c, 0x9c, 0xab, 0xb0, 0x06,
	0x90, 0x00, 0x0a, 0x06, 0xa9, 0x81, 0xff, 0xee, 0xfa, 0xef, 0xe0, 0x18,
	0x9f, 0xc4, 0xfd, 0xff, 0x10, 0xfa, 0xff, 0xfe, 0xa2, 0xef, 0xff, 0xfc,
	0x00, 0x40, 0x00, 0xe2, 0x9c, 0xab, 0xb4, 0x06, 0xb5, 0x51, 0x1f, 0x06,
	0xa9, 0x80, 0x80, 0x10, 0xfa, 0x0f, 0xe0, 0x18, 0x81, 0x04, 0x90, 0x00,
	0x8a, 0x80, 0x00, 0x00, 0x80, 0x54, 0x00, 0x00, 0x40, 0x01, 0xd7, 0xff,
	0x0e, 0x80, 0xab, 0xb4, 0x06, 0xb5, 0x51, 0x1f, 0x11, 0x54, 0x7e, 0x80,
	0x11, 0x05, 0x10, 0x00, 0x07, 0x67, 0x30, 0x10, 0x00, 0x8a, 0x80, 0x60,
	0xc6, 0x80, 0x00, 0x1c, 0x05, 0x4b, 0x00, 0x80, 0x00, 0x71, 0x63, 0x54,
	0x40, 0x01, 0x40, 0x00, 0xfe, 0x00, 0x08, 0x7f, 0xfc, 0x00, 0x40, 0x00,
	0x00, 0x1f, 0xc0, 0x3f, 0xfe, 0xff, 0x0a, 0xfa, 0xff, 0xfe, 0xf6, 0xff,
	0xff, 0xbc, 0x00, 0x37, 0xff, 0xd0, 0xfb, 0x00, 0xf2, 0x00, 0x0a, 0x7a,
	0xc7, 0xfe, 0xf6, 0xfc, 0x05, 0x40, 0x00, 0x77, 0xff, 0xe0, 0xfb, 0x00,
	0x1f, 0xa2, 0x02, 0x06, 0xff, 0xff, 0x24, 0xea, 0x08, 0x0a, 0xbd, 0x72,
	0x20, 0x80, 0x00, 0x00, 0x2a, 0x52, 0xfc, 0x42, 0xa9, 0x08, 0x15, 0x00,
	0xf0, 0x01, 0x20, 0x68, 0x40, 0x40, 0x8e, 0xe0, 0x8a, 0x0b, 0xa2, 0x02,
	0x06, 0xff, 0xff, 0x24, 0xeb, 0xc8, 0x0a, 0xbf, 0xf2, 0x3f, 0xfd, 0xff,
	0x0f, 0xfd, 0x75, 0x57, 0x7e, 0xff, 0xfd, 0x00, 0x10, 0x01, 0x20, 0x68,
	0x40, 0x42, 0x8e, 0xe0, 0xaa, 0x0b, 0xa2, 0x02, 0x04, 0x00, 0x01, 0x24,
	0x03, 0x08, 0x00, 0x02, 0x92, 0x10, 0xfe, 0x00, 0x10, 0x04, 0x10, 0x03,
	0xbd, 0x00, 0x00, 0x0b, 0x00, 0x2f, 0xfe, 0xb8, 0x40, 0x40, 0x42, 0x8c,
	0x60, 0xaa, 0x1f, 0x08, 0xa8, 0xa9, 0x0a, 0xa8, 0x8b, 0x10, 0xe0, 0x05,
	0x4b, 0x88, 0xfa, 0x6a, 0xa8, 0x08, 0x95, 0x89, 0x01, 0x15, 0x57, 0xa6,
	0x98, 0x80, 0xb0, 0x00, 0x3a, 0x96, 0xae, 0xa8, 0x01, 0x0a, 0x00, 0xfe,
	0x00, 0x08, 0xae, 0xea, 0x00, 0xa0, 0x00, 0x00, 0x2f, 0xc0, 0x3f, 0xfd,
	0xff, 0x09, 0xbd, 0x77, 0xff, 0x7f, 0xff, 0xfc, 0x00, 0xbf, 0xff, 0xc0,
	0xfb, 0x00, 0xf6, 0x00, 0x0e, 0x0a, 0xea, 0xa8, 0x08, 0xbf, 0xc9, 0x77,
	0xff, 0x7f, 0xae, 0x80, 0x00, 0x7f, 0xff, 0xe0, 0xfb, 0x00, 0x0b, 0x01,
	0x99, 0x59, 0xff, 0xff, 0x01, 0xf0, 0x70, 0x17, 0xfa, 0x68, 0xf2, 0xfe,
	0x00, 0x10, 0x1c, 0x71, 0xbf, 0x40, 0x00, 0x21, 0x2c, 0x00, 0x50, 0x00,
	0x82, 0x03, 0xb3, 0xb0, 0x0f, 0x34, 0x04, 0x0b, 0x01, 0x99, 0x59, 0xff,
	0xff, 0x01, 0xf2, 0x70, 0x17, 0xff, 0xe9, 0xfd, 0xfe, 0xff, 0x10, 0xf3,
	0xbf, 0xbb, 0xbd, 0xff, 0xff, 0xd4, 0x00, 0x70, 0x00, 0xe2, 0x03, 0xb3,
	0xbc, 0x0f, 0xb5, 0xc7, 0x02, 0x01, 0x99, 0x58, 0xfd, 0x00, 0x04, 0x30,
	0x10, 0x05, 0x89, 0x80, 0xfd, 0x00, 0xff, 0x40, 0x0d, 0x80, 0x00, 0x21,
	0x38, 0x00, 0xcf, 0xff, 0x32, 0x03, 0xb3, 0xbc, 0x08, 0xb5, 0xc7, 0x1f,
	0x04, 0x44, 0xa6, 0x05, 0x44, 0xfe, 0x4f, 0x80, 0x08, 0x0f, 0xd4, 0x07,
	0xfd, 0xfc, 0x00, 0x6b, 0x56, 0x00, 0xbf, 0xfc, 0x3d, 0x33, 0x01, 0xc0,
	0x00, 0x3d, 0xfc, 0x4c, 0x40, 0x00, 0xc8, 0x00, 0xfe, 0x00, 0x08, 0x5f,
	0xfc, 0x00, 0xe0, 0x00, 0x01, 0x5f, 0xc0, 0x2f, 0xfe, 0xff, 0x0a, 0xfb,
	0xff, 0xfb, 0xbd, 0xff, 0xde, 0xfc, 0x00, 0x3f, 0xff, 0xe0, 0xfb, 0x00,
	0xf6, 0x00, 0x0e, 0x17, 0xfd, 0xfc, 0x00, 0x7b, 0x07, 0xfb, 0xbf, 0xfc,
	0x3d, 0x00, 0x00, 0x5f, 0xff, 0x80, 0xfb, 0x00, 0x1f, 0x20, 0x82, 0x82,
	0xef, 0xfe, 0xdf, 0xdd, 0xa8, 0x2f, 0xf4, 0x62, 0x30, 0x00, 0x20, 0x00,
	0x2a, 0xe3, 0xea, 0x04, 0x00, 0x00, 0x51, 0x83, 0x30, 0x01, 0xd0, 0xf0,
	0x95, 0x08, 0x03, 0x82, 0x2a, 0x0b, 0x20, 0x82, 0x82, 0xff, 0xfe, 0xdf,
	0xfd, 0xa8, 0x2f, 0xff, 0xe2, 0x3f, 0xfe, 0xff, 0x10, 0xdf, 0x7e, 0x56,
	0xfb, 0xff, 0xff, 0xa9, 0x80, 0x70, 0x01, 0x70, 0xf0, 0x95, 0x0a, 0x03,
	0x82, 0xaa, 0x0b, 0x20, 0x82, 0x80, 0x10, 0x00, 0x54, 0x25, 0x08, 0x20,
	0x09, 0x02, 0x04, 0xfd, 0x00, 0x0f, 0x90, 0x00, 0x05, 0x05, 0x40, 0x5f,
	0x83, 0x6f, 0xfe, 0x60, 0x50, 0x95, 0x0a, 0x00, 0x02, 0xaa, 0x1f, 0x0a,
	0x28, 0x2d, 0x1a, 0xab, 0x20, 0xa2, 0x40, 0x02, 0xad, 0x18, 0xf4, 0x2a,
	0x8a, 0x02, 0xb4, 0x90, 0x15, 0xa5, 0x25, 0x48, 0x4a, 0x00, 0xe0, 0x00,
	0x7b, 0x0a, 0x2a, 0xa0, 0x0e, 0x68, 0x00, 0xfe, 0x00, 0x08, 0xab, 0xfa,
	0x00, 0xe0, 0x00, 0x03, 0xbf, 0xe0, 0x3f, 0xfd, 0xff, 0x01, 0xae, 0x56,
	0xfe, 0xff, 0x04, 0xf8, 0x00, 0xff, 0xff, 0x20, 0xfe, 0x00, 0x02, 0x03,
	0x80, 0x00, 0xf5, 0x00, 0x0d, 0x2a, 0xaa, 0x02, 0xbe, 0x02, 0x57, 0xa0,
	0x20, 0x08, 0x00, 0x00, 0x3f, 0xff, 0x40, 0xfb, 0x00, 0x1f, 0x05, 0x55,
	0x79, 0x77, 0xff, 0x17, 0xfa, 0x40, 0x17, 0xe8, 0xbc, 0x3e, 0x82, 0x20,
	0x00, 0x14, 0x79, 0x40, 0x77, 0xcf, 0xe0, 0x8c, 0x00, 0x60, 0x01, 0x41,
	0x0a, 0x6b, 0xf0, 0x1e, 0xcc, 0x05, 0x0c, 0x05, 0x55, 0x79, 0xff, 0xff,
	0x17, 0xfa, 0x40, 0x17, 0xff, 0x7c, 0xb7, 0xfd, 0xfe, 0xff, 0x0f, 0xf7,
	0xff, 0xbf, 0xbf, 0x9f, 0x74, 0x00, 0x40, 0x00, 0xc1, 0x0a, 0x6a, 0xf4,
	0x1f, 0xcd, 0x55, 0x0c, 0x05, 0x55, 0x78, 0x88, 0x10, 0x00, 0x02, 0x00,
	0x10, 0x16, 0xcc, 0x89, 0x7a, 0xfe, 0x00, 0x0f, 0x88, 0x80, 0x48, 0x70,
	0x7a, 0xfa, 0x00, 0xdf, 0xfe, 0x50, 0x0a, 0x6b, 0xf4, 0x19, 0x0d, 0x55,
	0xff, 0x00, 0x1d, 0x06, 0x89, 0x40, 0xe8, 0x75, 0xb0, 0x0b, 0xfe, 0xc1,
	0x47, 0xfa, 0x00, 0x00, 0x68, 0x8e, 0xb0, 0x7d, 0xfc, 0x7a, 0xf1, 0x01,
	0xe0, 0x00, 0xfe, 0xf5, 0x14, 0x00, 0x03, 0x30, 0x00, 0xfe, 0x00, 0x16,
	0x57, 0xff, 0x01, 0xf0, 0x00, 0x07, 0xff, 0xe0, 0x1f, 0xff, 0xdf, 0xff,
	0xff, 0x1f, 0xff, 0xf7, 0xff, 0xff, 0xfc, 0x00, 0x3f, 0xfe, 0xa0, 0xfe,
	0x00, 0x02, 0x07, 0xc0, 0x00, 0xf4, 0x00, 0x04, 0x20, 0x00, 0x7c, 0x07,
	0xf0, 0xfc, 0x00, 0x02, 0x7f, 0xfe, 0xc0, 0xfb, 0x00, 0x1f, 0x88, 0x20,
	0x04, 0xff, 0x3f, 0xaf, 0x5c, 0xb0, 0xbf, 0x54, 0x62, 0x4e, 0xff, 0xd5,
	0x6d, 0x8d, 0xb2, 0x81, 0xdf, 0x5a, 0xd5, 0x50, 0x83, 0x70, 0x01, 0x92,
	0x42, 0x04, 0x68, 0x0c, 0x02, 0xa0, 0x1f, 0x88, 0x60, 0x05, 0xff, 0xdf,
	0xaf, 0xfc, 0xb0, 0xbf, 0xfb, 0xe2, 0x4e, 0xff, 0x7f, 0xd6, 0xff, 0xbf,
	0xff, 0x7f, 0xfa, 0xff, 0xf8, 0x80, 0xd0, 0x01, 0xe2, 0xc2, 0x04, 0x6a,
	0x8f, 0x82, 0xa8, 0x1f, 0x88, 0x60, 0x05, 0x00, 0xe0, 0x00, 0xa4, 0x10,
	0xb0, 0x25, 0x02, 0x40, 0x00, 0xaa, 0xb9, 0x84, 0x00, 0x06, 0xa0, 0xa0,
	0x22, 0x2e, 0x83, 0xef, 0xfe, 0x78, 0xc2, 0x04, 0x6a, 0x81, 0xe2, 0xa0,
	0x1f, 0x02, 0x8a, 0xaa, 0x0a, 0xea, 0x50, 0xe2, 0x48, 0x03, 0x75, 0x78,
	0xb1, 0x0a, 0xbe, 0xfd, 0xa5, 0xc1, 0x67, 0xa0, 0xed, 0xb7, 0x6c, 0x00,
	0xe0, 0x01, 0x6d, 0xa8, 0xaa, 0x80, 0x01, 0xe8, 0x0a, 0xfe, 0x00, 0x16,
	0xaf, 0xae, 0x8a, 0xf8, 0x00, 0x03, 0xff, 0xe0, 0x0a, 0xaf, 0xff, 0xef,
	0x7b, 0x8f, 0xff, 0xca, 0xf8, 0xff, 0xf8, 0x00, 0xbf, 0xff, 0xe0, 0xfe,
	0x00, 0x02, 0x07, 0x80, 0x00, 0xf2, 0x00, 0x02, 0xac, 0x03, 0xe0, 0xfc,
	0x00, 0x02, 0x7f, 0xff, 0x80, 0xfb, 0x00, 0x1f, 0x01, 0xc4, 0xd2, 0xfe,
	0xff, 0x7f, 0xb8, 0x7d, 0x9f, 0x00, 0x34, 0x42, 0x20, 0x5f, 0xfb, 0xc1,
	0xd1, 0x83, 0xff, 0x3d, 0xe8, 0x3d, 0x01, 0x30, 0x03, 0x45, 0x2d, 0xa7,
	0xc0, 0x1c, 0x0c, 0x0c, 0x02, 0x01, 0xc4, 0xd2, 0xfe, 0xff, 0x19, 0xf8,
	0x7d, 0xbe, 0xff, 0xf4, 0xe2, 0xa0, 0x5f, 0xff, 0xbf, 0xdf, 0xff, 0xff,
	0xfd, 0xf7, 0xed, 0x01, 0x60, 0x03, 0x47, 0x2d, 0xa3, 0xd4, 0x1f, 0xcd,
	0xdd, 0x1f, 0x01, 0xc4, 0xd2, 0x01, 0x00, 0x80, 0x40, 0x0d, 0x91, 0xba,
	0x44, 0xc2, 0xa0, 0x00, 0x04, 0x62, 0x08, 0x0c, 0x00, 0xc0, 0x1f, 0xd1,
	0x00, 0x0f, 0xfc, 0x72, 0x2d, 0xa7, 0xd4, 0x10, 0xcd, 0xdd, 0x1f, 0x04,
	0x11, 0x0d, 0x01, 0x40, 0x81, 0xf5, 0x80, 0x67, 0xba, 0x49, 0x3d, 0x5f,
	0xa0, 0x05, 0xe3, 0x2e, 0x4f, 0xc5, 0xf2, 0x7f, 0xc2, 0x01, 0x80, 0x00,
	0x7a, 0xd0, 0x58, 0x00, 0x04, 0xf0, 0x00, 0xfe, 0x00, 0x07, 0x06, 0xff,
	0x47, 0xf0, 0x40, 0x07, 0xff, 0xe0, 0xfe, 0x00, 0x0b, 0x03, 0xff, 0x9f,
	0xff, 0xff, 0xfc, 0xff, 0xfc, 0x00, 0xef, 0xff, 0x84, 0xfe, 0x00, 0x02,
	0x07, 0xc0, 0x00, 0xf1, 0x00, 0x01, 0x07, 0xc0, 0xfc, 0x00, 0x02, 0x2f,
	0xff, 0xc0, 0xfb, 0x00, 0x1f, 0x22, 0x0a, 0x89, 0xab, 0xfb, 0xff, 0x5c,
	0xbd, 0xfd, 0x40, 0x60, 0x80, 0xa8, 0x80, 0x16, 0xfd, 0xb0, 0x95, 0x44,
	0x07, 0x57, 0x58, 0x01, 0x70, 0x04, 0x4a, 0xc8, 0x10, 0xa0, 0x2c, 0x32,
	0xa0, 0x1f, 0x22, 0x0a, 0xc9, 0xab, 0xff, 0xff, 0xfc, 0xfd, 0xff, 0xbf,
	0xe0, 0x80, 0xa8, 0x80, 0x16, 0xff, 0xff, 0x6f, 0xfb, 0xff, 0xfe, 0xf8,
	0xa0, 0xf0, 0x05, 0xaa, 0xc8, 0x10, 0xaa, 0x2f, 0xa2, 0xa0, 0x1f, 0x22,
	0x0a, 0xc9, 0x00, 0x04, 0x00, 0xa4, 0x45, 0x52, 0x55, 0x00, 0x80, 0xa8,
	0x80, 0x14, 0x02, 0x40, 0x18, 0x15, 0x58, 0x89, 0xa0, 0xa1, 0xcf, 0xfa,
	0x00, 0x48, 0x10, 0xaa, 0x20, 0x12, 0xa0, 0x1f, 0x08, 0xa0, 0x22, 0x54,
	0xa6, 0x0a, 0xe2, 0x62, 0x03, 0x55, 0x7a, 0x2a, 0x02, 0x2a, 0xa9, 0x2a,
	0x03, 0x9d, 0x55, 0x5a, 0xdd, 0xa6, 0x02, 0xc0, 0x01, 0x75, 0x22, 0xaa,
	0x00, 0x06, 0x48, 0x0a, 0xfe, 0x00, 0x07, 0x2a, 0xaa, 0xab, 0xf8, 0x20,
	0x03, 0xff, 0xe0, 0xfd, 0x00, 0x01, 0xbe, 0x0f, 0xfe, 0xff, 0x05, 0xfd,
	0xf8, 0x00, 0xbf, 0xff, 0xea, 0xfe, 0x00, 0x02, 0x0f, 0xe0, 0x00, 0xf1,
	0x00, 0x08, 0x03, 0x80, 0x00, 0x00, 0x02, 0x00, 0x00, 0x7f, 0xff, 0xfd,
	0x00, 0x02, 0x02, 0x00, 0x00, 0x10, 0x05, 0x41, 0x56, 0x53, 0xfe, 0xff,
	0xf3, 0x7d, 0x7e, 0x00, 0x3d, 0x53, 0x00, 0x00, 0x16, 0x87, 0x11, 0xfe,
	0x00, 0x0b, 0x20, 0xf0, 0x03, 0x20, 0x02, 0x0f, 0x35, 0x2f, 0x00, 0x09,
	0x80, 0x1d, 0x10, 0x05, 0x41, 0x56, 0x57, 0xff, 0xff, 0xf3, 0x7d, 0x7f,
	0xff, 0xfd, 0x73, 0x00, 0x00, 0x16, 0x87, 0x1f, 0xfe, 0xff, 0x0b, 0xdf,
	0x33, 0x01, 0xe0, 0x03, 0x0f, 0x35, 0x2f, 0x50, 0x0f, 0xc5, 0x5d, 0x06,
	0x05, 0x41, 0x56, 0x04, 0x01, 0x00, 0x03, 0xfe, 0x00, 0x15, 0xcd, 0x73,
	0x00, 0x00, 0x16, 0x80, 0x08, 0x00, 0x00, 0x0f, 0xbf, 0xc3, 0x02, 0x9f,
	0xfc, 0xb0, 0x35, 0x2f, 0x50, 0x00, 0xe5, 0x5d, 0x1f, 0x10, 0x14, 0x01,
	0xac, 0x01, 0x17, 0xec, 0x82, 0x86, 0x00, 0xc0, 0x04, 0x00, 0x00, 0x01,
	0x78, 0xea, 0xc0, 0x15, 0x4f, 0xbf, 0xcc, 0x01, 0x80, 0x00, 0xf0, 0xc0,
	0x50, 0x00, 0x10, 0xf0, 0x00, 0xfe, 0x00, 0x07, 0x01, 0x56, 0xff, 0xf0,
	0x70, 0x07, 0xff, 0xe0, 0xfc, 0x00, 0x00, 0x1f, 0xfd, 0xff, 0x04, 0xf0,
	0x00, 0xff, 0xff, 0x44, 0xfe, 0x00, 0x02, 0x07, 0x40, 0x00, 0xf1, 0x00,
	0x03, 0x03, 0xc0, 0x15, 0x40, 0xfe, 0x00, 0x02, 0x3f, 0xfe, 0x80, 0xfe,
	0x00, 0x02, 0x01, 0x80, 0x00, 0x1f, 0x0a, 0x22, 0x01, 0xaa, 0xaf, 0xf5,
	0x6c, 0xfe, 0xff, 0x00, 0x62, 0x02, 0x00, 0x02, 0x80, 0x00, 0x12, 0x90,
	0x2a, 0x80, 0x35, 0x66, 0x00, 0x70, 0x07, 0xae, 0xa0, 0x16, 0x80, 0x3a,
	0x90, 0x82, 0x1f, 0x0a, 0x22, 0x05, 0xba, 0xaf, 0xff, 0xfc, 0xfe, 0xff,
	0xff, 0xe2, 0x02, 0x00, 0x02, 0x80, 0x04, 0x1d, 0xef, 0xff, 0x7f, 0xfb,
	0xe6, 0x80, 0xf0, 0x07, 0x86, 0xb0, 0x16, 0xa8, 0x3f, 0x02, 0xa2, 0x0f,
	0x0a, 0x22, 0x05, 0x10, 0x00, 0x0a, 0x94, 0x00, 0x00, 0x01, 0x02, 0x02,
	0x00, 0x02, 0x80, 0x04, 0xfe, 0x00, 0x0c, 0x05, 0x4e, 0x8e, 0x81, 0x4f,
	0xf9, 0xe8, 0x30, 0x16, 0xa8, 0x30, 0x12, 0x82, 0x1f, 0x00, 0x88, 0xaa,
	0x45, 0x50, 0xaa, 0xb2, 0x29, 0x8b, 0x09, 0x78, 0xa8, 0x80, 0x08, 0x2a,
	0xaa, 0xa3, 0x7a, 0xd5, 0xe5, 0x5e, 0x98, 0x03, 0xc0, 0x01, 0xd1, 0x0a,
	0xa8, 0x00, 0x09, 0xe8, 0x28, 0xfd, 0x00, 0x06, 0xaa, 0xff, 0xe0, 0x2a,
	0xab, 0xff, 0xe0, 0xfc, 0x00, 0x00, 0x0f, 0xfe, 0xff, 0x05, 0xdf, 0xe0,
	0x00, 0x3f, 0xfe, 0x2a, 0xfe, 0x00, 0x02, 0x0f, 0xe0, 0x00, 0xf8, 0x00,
	0x00, 0x08, 0xfb, 0x00, 0x09, 0x03, 0xfa, 0xff, 0xe0, 0x20, 0x00, 0x00,
	0xff, 0xff, 0x80, 0xfe, 0x00, 0x02, 0x03, 0x80, 0x00, 0x1f, 0x05, 0x4c,
	0xdc, 0x28, 0x4f, 0xef, 0xf0, 0x7f, 0xfe, 0x00, 0x30, 0xdd, 0x00, 0x05,
	0x20, 0x0d, 0x38, 0x41, 0xd4, 0x20, 0x2f, 0xc4, 0x06, 0x20, 0x0d, 0x1e,
	0x4d, 0xbc, 0x00, 0x09, 0xc0, 0x5c, 0x1f, 0x07, 0x4c, 0xdc, 0x28, 0xdf,
	0xff, 0xf0, 0x7f, 0xff, 0xff, 0xf0, 0xdd, 0x00, 0x05, 0x20, 0x0d, 0x3f,
	0xbf, 0x6f, 0xdf, 0xf0, 0xc4, 0x00, 0xc0, 0x01, 0x9e, 0x4d, 0xac, 0x40,
	0x0e, 0x41, 0x5d, 0x05, 0x07, 0x4c, 0xdc, 0x28, 0x90, 0x10, 0xfd, 0x00,
	0x15, 0xc0, 0xdd, 0x00, 0x05, 0x20, 0x0d, 0x20, 0x00, 0x00, 0x03, 0xdf,
	0x14, 0x06, 0x1f, 0xf1, 0xe0, 0x4d, 0xbc, 0x40, 0x01, 0x51, 0x5d, 0x0a,
	0x00, 0x91, 0x01, 0xd7, 0xb0, 0x5f, 0xcf, 0x80, 0x46, 0x04, 0xcd, 0xfe,
	0x00, 0x11, 0xdf, 0xf0, 0x49, 0xfe, 0xbb, 0xe3, 0xff, 0x28, 0x01, 0xc0,
	0x01, 0xe1, 0x90, 0x40, 0x00, 0x1b, 0xfc, 0x00, 0xfd, 0x00, 0x06, 0x05,
	0xef, 0xe0, 0x7f, 0xff, 0xff, 0xe0, 0xfc, 0x00, 0x00, 0x0f, 0xfd, 0xff,
	0x04, 0xc0, 0x01, 0x5f, 0xf2, 0x9c, 0xfe, 0x00, 0x02, 0x0f, 0xa0, 0x00,
	0xf8, 0x00, 0x00, 0x04, 0xfb, 0x00, 0x03, 0x01, 0xff, 0xff, 0xe0, 0xfe,
	0x00, 0x01, 0xdf, 0xf3, 0xfd, 0x00, 0x02, 0x03, 0xc0, 0x00, 0x1f, 0x22,
	0xa8, 0xa0, 0x01, 0xab, 0xfd, 0xfd, 0xbf, 0x5d, 0x38, 0x60, 0x88, 0x82,
	0x22, 0xaa, 0xac, 0x2c, 0x4a, 0xa0, 0x05, 0x57, 0x92, 0x03, 0x10, 0x1a,
	0x3a, 0x08, 0x12, 0xa0, 0x0b, 0xca, 0xa0, 0x1f, 0x22, 0xa8, 0xe0, 0x01,
	0xab, 0xff, 0xfd, 0xbf, 0xfe, 0xff, 0xe0, 0x88, 0x82, 0x22, 0xab, 0xac,
	0x2f, 0xbd, 0x7f, 0xff, 0xf5, 0x92, 0x02, 0xc0, 0x04, 0x9e, 0x08, 0x12,
	0xa8, 0x0f, 0xea, 0xa0, 0x0f, 0x22, 0xa8, 0xe0, 0x01, 0x00, 0x02, 0x05,
	0x00, 0xa1, 0x10, 0x00, 0x88, 0x82, 0x20, 0x01, 0x04, 0xfe, 0x00, 0x0c,
	0x1a, 0xa2, 0x32, 0x00, 0x2f, 0xe0, 0xe4, 0x08, 0x12, 0xa8, 0x00, 0x52,
	0xa0, 0x1f, 0x08, 0x02, 0x0a, 0xaa, 0x54, 0xaa, 0xa2, 0x6a, 0xfd, 0x12,
	0x3a, 0x22, 0x08, 0x09, 0x55, 0x52, 0x9c, 0xf7, 0x5a, 0x9a, 0xaa, 0x48,
	0x03, 0x40, 0x07, 0xcd, 0xa2, 0xa8, 0x00, 0x30, 0x78, 0x0a, 0xfd, 0x00,
	0x06, 0x2a, 0xbf, 0xe0, 0x3f, 0xff, 0xef, 0xe0, 0xfe, 0x00, 0x0b, 0x02,
	0x80, 0x0f, 0xff, 0x7f, 0xff, 0xff, 0x80, 0x01, 0xef, 0xe7, 0xba, 0xfe,
	0x00, 0x02, 0x07, 0x80, 0x00, 0xf8, 0x00, 0x00, 0x3a, 0xfa, 0x00, 0x02,
	0xff, 0x7a, 0x80, 0xfe, 0x00, 0x01, 0x6f, 0xe6, 0xfd, 0x00, 0x02, 0x0b,
	0xe0, 0x00, 0x1f, 0x05, 0x14, 0x57, 0xd6, 0x56, 0x7f, 0xfc, 0x3e, 0x08,
	0x40, 0x69, 0x11, 0x05, 0x13, 0xfd, 0x7f, 0xfe, 0x09, 0x00, 0xbf, 0xff,
	0x1c, 0x06, 0xe0, 0x0e, 0x7e, 0x93, 0xac, 0x00, 0x33, 0xc0, 0x0c, 0x1f,
	0x05, 0x1c, 0x57, 0xd6, 0x57, 0xff, 0xfc, 0x7f, 0xff, 0xff, 0xe9, 0x11,
	0x05, 0x13, 0xfd, 0x7f, 0xfd, 0xff, 0xff, 0x7f, 0xff, 0x5c, 0x03, 0xe0,
	0x0b, 0x7e, 0x93, 0xad, 0x40, 0x3d, 0xa1, 0x4d, 0x1f, 0x05, 0x1c, 0x57,
	0xd6, 0x01, 0x80, 0x00, 0x41, 0xf6, 0x40, 0x99, 0x11, 0x05, 0x10, 0x17,
	0xb0, 0x02, 0x08, 0x02, 0xc0, 0x00, 0x7c, 0x05, 0x9f, 0xfb, 0x80, 0x93,
	0xad, 0x40, 0x28, 0x89, 0x4d, 0x1f, 0x00, 0x41, 0x00, 0x21, 0xa9, 0x85,
	0x43, 0xc7, 0xfe, 0x5c, 0xc4, 0x44, 0x00, 0x4c, 0x02, 0xc0, 0x06, 0x1e,
	0xc2, 0xf0, 0x00, 0xc0, 0x03, 0x80, 0x0f, 0x91, 0x44, 0x50, 0x00, 0x0c,
	0xfc, 0x10, 0xfc, 0x00, 0x05, 0x7f, 0xf0, 0x3f, 0xff, 0xbf, 0xc0, 0xfe,
	0x00, 0x03, 0x57, 0xf0, 0x07, 0xf7, 0xfe, 0xff, 0x04, 0x00, 0x01, 0x7f,
	0xfd, 0x7c, 0xfe, 0x00, 0x02, 0x1d, 0xd0, 0x00, 0xf8, 0x00, 0x00, 0x5c,
	0xfa, 0x00, 0x01, 0x1f, 0xc0, 0xfd, 0x00, 0x01, 0xff, 0xfe, 0xfd, 0x00,
	0x02, 0x05, 0xe0, 0x00, 0x1f, 0x88, 0x22, 0x00, 0x21, 0xaa, 0xef, 0xea,
	0xfd, 0x10, 0xbc, 0x72, 0x22, 0x04, 0x5b, 0xe5, 0x47, 0x7f, 0x00, 0x17,
	0xea, 0xac, 0x48, 0x0c, 0xd0, 0x1f, 0x57, 0x22, 0x42, 0x80, 0x93, 0xe4,
	0x22, 0x1f, 0x88, 0x22, 0x00, 0x21, 0xaa, 0xff, 0xfa, 0xff, 0xef, 0xff,
	0xf2, 0x22, 0x04, 0x5b, 0xe5, 0x47, 0x7f, 0xff, 0xef, 0xea, 0xa9, 0x48,
	0x08, 0x00, 0x1e, 0x7f, 0x22, 0x42, 0xa8, 0x9d, 0x60, 0x22, 0x1f, 0x88,
	0x22, 0x00, 0x21, 0x00, 0x10, 0x10, 0x02, 0x55, 0x15, 0x12, 0x22, 0x04,
	0x50, 0x1f, 0x62, 0x20, 0x40, 0x18, 0x00, 0x07, 0xe8, 0x0e, 0x6f, 0xe6,
	0x29, 0x22, 0x42, 0xa8, 0x81, 0x64, 0x22, 0x1f, 0x02, 0x88, 0xaa, 0x8a,
	0x55, 0x1a, 0xb5, 0x0b, 0x55, 0x17, 0x08, 0x88, 0xaa, 0xa4, 0xba, 0x20,
	0x0a, 0x4a, 0x9a, 0x95, 0x52, 0x00, 0x03, 0xc0, 0x05, 0xa8, 0x88, 0xa8,
	0x00, 0x25, 0x7a, 0x88, 0xfd, 0x00, 0x06, 0x02, 0xaf, 0xe8, 0xaf, 0xff,
	0xeb, 0xe0, 0xfe, 0x00, 0x0b, 0xbf, 0x62, 0x2b, 0xff, 0xfe, 0xea, 0xa8,
	0x00, 0x01, 0xef, 0xf9, 0xf8, 0xfe, 0x00, 0x02, 0x1d, 0x18, 0x00, 0xf8,
	0x00, 0x00, 0xbe, 0xfc, 0x00, 0x03, 0x98, 0x80, 0x0a, 0x80, 0xfd, 0x00,
	0x01, 0xef, 0xfe, 0xfd, 0x00, 0x02, 0x05, 0x60, 0x00, 0x1f, 0x01, 0xc1,
	0xd1, 0xca, 0x41, 0xff, 0xff, 0xfa, 0x00, 0xb4, 0x4c, 0xcc, 0x44, 0x5e,
	0xe0, 0x42, 0xfe, 0x80, 0x3d, 0xc0, 0x03, 0x90, 0x06, 0x60, 0x38, 0x3d,
	0xcd, 0xb0, 0x00, 0x07, 0xcc, 0x5c, 0x04, 0x01, 0xc1, 0xd1, 0xca, 0x45,
	0xfc, 0xff, 0xff, 0xcc, 0x13, 0x44, 0x5f, 0xe0, 0x00, 0x3f, 0xff, 0xfd,
	0xc0, 0x03, 0x90, 0x03, 0xc0, 0x26, 0xfd, 0xcd, 0xb4, 0x40, 0x16, 0xf6,
	0x5d, 0x1f, 0x01, 0xc1, 0xd1, 0xca, 0x04, 0x04, 0x00, 0x05, 0x20, 0xa0,
	0x8c, 0xcc, 0x40, 0x01, 0xff, 0xa0, 0x01, 0x70, 0x00, 0x00, 0xc3, 0xd0,
	0x04, 0x1f, 0xc2, 0xe1, 0xcd, 0xb4, 0x40, 0x10, 0x02, 0x5d, 0x1f, 0x04,
	0x14, 0x04, 0x15, 0xbe, 0x00, 0x00, 0x0f, 0x20, 0xe8, 0xf1, 0x11, 0x1b,
	0xa1, 0x1f, 0xe2, 0x3d, 0xf0, 0x22, 0x3f, 0x7c, 0x00, 0x03, 0x00, 0x0f,
	0xf2, 0x10, 0x40, 0x00, 0x70, 0x1c, 0x00, 0xfc, 0x00, 0x05, 0x5f, 0xfd,
	0xff, 0xff, 0x5f, 0xc0, 0xfe, 0x00, 0x04, 0xff, 0xa0, 0xfe, 0xff, 0xf0,
	0xfd, 0x00, 0x02, 0xdf, 0xeb, 0xfc, 0xfe, 0x00, 0x02, 0x1e, 0xe8, 0x00,
	0xf8, 0x00, 0x00, 0xfc, 0xfc, 0x00, 0x00, 0x5f, 0xfb, 0x00, 0x02, 0x01,
	0x5f, 0xec, 0xfd, 0x00, 0x02, 0x0e, 0xd0, 0x00, 0x1f, 0x2a, 0x0a, 0x0a,
	0x09, 0x2a, 0xbf, 0xbf, 0xcc, 0x48, 0xbd, 0x62, 0x80, 0x1f, 0xff, 0x40,
	0x3d, 0x65, 0xd5, 0x2d, 0x45, 0x17, 0x28, 0x0c, 0xc0, 0x4a, 0x58, 0x08,
	0x0a, 0x00, 0xa9, 0x60, 0x00, 0x1f, 0x2a, 0x0a, 0x0a, 0x09, 0x7e, 0xbf,
	0xff, 0xff, 0xbf, 0xee, 0xf2, 0x80, 0x1f, 0xff, 0x4b, 0xc0, 0x3f, 0xfa,
	0xed, 0x44, 0x07, 0x28, 0x01, 0x40, 0x56, 0xba, 0x08, 0x0a, 0xa0, 0xfd,
	0x50, 0x00, 0x1f, 0x2a, 0x0a, 0x0a, 0x09, 0x54, 0x00, 0x40, 0x33, 0x54,
	0x05, 0x92, 0x80, 0x10, 0x02, 0x3f, 0xe9, 0x62, 0x25, 0xc5, 0x47, 0xb7,
	0xa8, 0x0d, 0x7f, 0xa7, 0xe2, 0x08, 0x0a, 0xa0, 0xd6, 0x80, 0x00, 0x1f,
	0x00, 0xa0, 0xa0, 0xa2, 0x81, 0x4a, 0xea, 0xbb, 0x5c, 0x17, 0x88, 0x2a,
	0xa2, 0xa8, 0x36, 0x96, 0x86, 0xb5, 0xf2, 0xa8, 0xe8, 0x00, 0x03, 0xc0,
	0x1d, 0xae, 0xa2, 0xa0, 0x00, 0x14, 0x3e, 0xaa, 0xfc, 0x00, 0x0d, 0x2a,
	0xaf, 0xef, 0xf7, 0xfb, 0xa0, 0x00, 0x0a, 0xaa, 0x34, 0x2b, 0x7f, 0xff,
	0xa0, 0xfe, 0x00, 0x03, 0x03, 0xff, 0xfc, 0xf8, 0xfe, 0x00, 0x02, 0x3f,
	0xe8, 0x00, 0xf9, 0x00, 0x01, 0x08, 0xbe, 0xfd, 0x00, 0x02, 0x8b, 0xff,
	0xe0, 0xfb, 0x00, 0x01, 0xff, 0xfa, 0xfd, 0x00, 0x02, 0x0f, 0xf0, 0x00,
	0x0d, 0x05, 0x55, 0x45, 0x47, 0x2a, 0x1f, 0xdf, 0xbe, 0x00, 0xfc, 0xcc,
	0x57, 0xee, 0x0c, 0xfe, 0x00, 0x0e, 0xea, 0xff, 0xe8, 0x0d, 0xf0, 0x03,
	0x40, 0x36, 0x3b, 0x34, 0x70, 0x00, 0x04, 0xe2, 0x34, 0x05, 0x05, 0x55,
	0x45, 0x47, 0x2a, 0x1f, 0xfe, 0xff, 0x16, 0xd7, 0xcc, 0x57, 0xef, 0xfc,
	0x3a, 0x00, 0x7f, 0xfd, 0xff, 0xe8, 0x0d, 0xf0, 0x01, 0x80, 0x28, 0xfb,
	0x34, 0x71, 0x00, 0x78, 0xf0, 0x35, 0x1f, 0x05, 0x55, 0x45, 0x47, 0x2a,
	0x00, 0x20, 0x41, 0xa8, 0x80, 0x0c, 0x57, 0xe1, 0xf5, 0xba, 0x17, 0x71,
	0x17, 0x0f, 0xe8, 0x0d, 0xf0, 0x01, 0x3f, 0xc4, 0xc3, 0x34, 0x71, 0x00,
	0x23, 0x06, 0x35, 0xff, 0x00, 0xff, 0x10, 0x1b, 0xd5, 0xe0, 0x27, 0xf7,
	0xa8, 0xa8, 0xb1, 0x00, 0x17, 0xf9, 0x8f, 0xff, 0xfd, 0xff, 0x80, 0x17,
	0xf0, 0x00, 0x07, 0x80, 0x1b, 0xf4, 0x41, 0x00, 0x00, 0x68, 0x0d, 0x40,
	0xfc, 0x00, 0x0d, 0x07, 0x5f, 0xff, 0xff, 0x7f, 0xc0, 0x00, 0x07, 0xfd,
	0x85, 0xbf, 0x7f, 0xff, 0xc0, 0xfe, 0x00, 0x03, 0x02, 0xbf, 0xf3, 0xf0,
	0xfe, 0x00, 0x02, 0x3b, 0xf8, 0x00, 0xf8, 0x00, 0x00, 0xfc, 0xfe, 0x00,
	0x03, 0x02, 0x7f, 0xff, 0xfc, 0xfc, 0x00, 0x02, 0x01, 0xbf, 0xfc, 0xfd,
	0x00, 0x02, 0x0b, 0xe0, 0x00, 0x1f, 0x0a, 0x00, 0x00, 0x20, 0x04, 0x0a,
	0xfc, 0x55, 0x40, 0x68, 0x72, 0xa0, 0x1c, 0x0e, 0x80, 0x00, 0x08, 0x5d,
	0x72, 0x05, 0x4a, 0xa8, 0x05, 0xc0, 0x65, 0x5c, 0x20, 0x28, 0x80, 0x4d,
	0x74, 0x02, 0x1f, 0x0a, 0x00, 0x00, 0x20, 0x04, 0x5e, 0xff, 0xff, 0xbf,
	0xff, 0xf2, 0xe0, 0x1f, 0xf8, 0xcb, 0xa0, 0x5b, 0xf7, 0xf2, 0x05, 0x0a,
	0xa8, 0x83, 0xc0, 0x79, 0x7c, 0x20, 0x2a, 0x88, 0x75, 0x7c, 0x02, 0x1f,
	0x0a, 0x00, 0x00, 0x20, 0x04, 0x54, 0x03, 0xaa, 0x54, 0x41, 0x92, 0xe0,
	0x11, 0x0a, 0xeb, 0xaa, 0xf1, 0x2a, 0x92, 0x05, 0xca, 0xa8, 0x86, 0xbf,
	0xa0, 0xa4, 0x20, 0x2a, 0x88, 0x02, 0x92, 0x02, 0x1f, 0x00, 0xaa, 0xaa,
	0x8a, 0xaa, 0xa5, 0x0b, 0xeb, 0x54, 0xd7, 0x88, 0x0a, 0xa1, 0xa0, 0x3f,
	0xf5, 0x57, 0x2f, 0x88, 0xaa, 0x20, 0x00, 0x0a, 0x80, 0x3e, 0xe2, 0x8a,
	0x80, 0x00, 0x80, 0x1e, 0xa8, 0xfc, 0x00, 0x0d, 0x0a, 0xae, 0xff, 0xff,
	0xbf, 0x80, 0x00, 0x0f, 0xfe, 0xbf, 0xee, 0xfb, 0xff, 0xe0, 0xfe, 0x00,
	0x03, 0x02, 0xff, 0xe7, 0x68, 0xfe, 0x00, 0x02, 0x77, 0xe0, 0x00, 0xf8,
	0x00, 0x00, 0xfe, 0xfe, 0x00, 0x03, 0xab, 0xff, 0xff, 0xfe, 0xfc, 0x00,
	0x03, 0x01, 0xff, 0xf8, 0x80, 0xfe, 0x00, 0x02, 0x07, 0xf8, 0x00, 0x1f,
	0x04, 0x55, 0x5d, 0x95, 0xcd, 0xe5, 0xdf, 0xbf, 0x00, 0x7c, 0xcc, 0x49,
	0x8e, 0x02, 0x05, 0x00, 0x0c, 0x30, 0xf3, 0x58, 0x35, 0x40, 0x00, 0x80,
	0x42, 0x31, 0xcd, 0x00, 0x00, 0x1a, 0xf3, 0x48, 0x1f, 0x04, 0x55, 0x5d,
	0x95, 0xcd, 0xe5, 0xdf, 0xff, 0xff, 0xdb, 0xcd, 0xc9, 0xaf, 0xf6, 0x7a,
	0xaa, 0x0f, 0xff, 0xf3, 0x58, 0x35, 0x44, 0x00, 0x80, 0x73, 0xf1, 0xcd,
	0x04, 0x00, 0x78, 0x1a, 0x49, 0x1f, 0x04, 0x55, 0x5d, 0x95, 0xcd, 0xe0,
	0x00, 0x40, 0xf0, 0x00, 0x0d, 0xc9, 0xa0, 0x06, 0x7a, 0xff, 0xf0, 0xcf,
	0x03, 0x58, 0x35, 0x44, 0x04, 0x7f, 0x81, 0xc1, 0xcd, 0x04, 0x00, 0x45,
	0x11, 0x49, 0x1f, 0x01, 0x08, 0x80, 0x48, 0x10, 0x1a, 0x25, 0xd5, 0xf0,
	0x24, 0xb0, 0x14, 0x56, 0xfd, 0xfa, 0xaa, 0x02, 0xff, 0xcc, 0x87, 0xc0,
	0x00, 0x06, 0x00, 0x1d, 0xcc, 0x10, 0x40, 0x00, 0xc0, 0x3e, 0x14, 0xfb,
	0x00, 0x00, 0x0f, 0xfe, 0xff, 0x04, 0xc0, 0x00, 0x07, 0xf6, 0xfa, 0xfe,
	0xff, 0x00, 0xc0, 0xfe, 0x00, 0x03, 0x03, 0xff, 0xef, 0xf0, 0xfe, 0x00,
	0x02, 0x7d, 0x24, 0x00, 0xf8, 0x00, 0x00, 0x7c, 0xfe, 0x00, 0x03, 0xff,
	0xfa, 0xff, 0xfe, 0xfc, 0x00, 0x02, 0x01, 0xff, 0xd0, 0xfd, 0x00, 0x02,
	0x1d, 0x38, 0x00, 0x1f, 0x0a, 0x88, 0xa8, 0x88, 0x88, 0x16, 0x2b, 0x7b,
	0x4c, 0x38, 0x90, 0x88, 0xa0, 0x28, 0x01, 0x41, 0x52, 0x55, 0x6c, 0x84,
	0x4a, 0xa0, 0x00, 0xc0, 0x31, 0x68, 0x02, 0xaa, 0x02, 0xb5, 0x6f, 0x0a,
	0x1f, 0x0a, 0x88, 0xac, 0x88, 0xc8, 0x16, 0xef, 0xff, 0xfb, 0xff, 0x90,
	0x88, 0xb7, 0xed, 0x54, 0x00, 0x55, 0xff, 0xcc, 0x84, 0x0a, 0xaa, 0x01,
	0xc0, 0x6a, 0xe8, 0x02, 0xaa, 0x82, 0xf0, 0x58, 0x0a, 0x1f, 0x0a, 0x88,
	0xac, 0x88, 0xc8, 0x14, 0xc4, 0x84, 0x94, 0x01, 0x30, 0x88, 0xb7, 0x07,
	0xfe, 0xbe, 0xac, 0x28, 0xb4, 0x86, 0xca, 0xaa, 0x02, 0x3f, 0xb7, 0x80,
	0x02, 0xaa, 0x82, 0x4a, 0x89, 0x0a, 0x1f, 0x00, 0x22, 0x02, 0x22, 0x22,
	0xa9, 0x96, 0xae, 0xd4, 0x87, 0xca, 0x22, 0x0f, 0xd5, 0x54, 0x00, 0x04,
	0x6d, 0x82, 0x29, 0xa0, 0x00, 0x0e, 0x00, 0x6e, 0xb2, 0xa8, 0x00, 0x00,
	0x50, 0x0e, 0xa0, 0xfb, 0x00, 0x0c, 0x0b, 0xfb, 0xf7, 0xff, 0x80, 0x00,
	0x03, 0xef, 0xfe, 0xbe, 0xfd, 0xff, 0xe0, 0xfe, 0x00, 0x03, 0x01, 0xff,
	0xc3, 0xe0, 0xfe, 0x00, 0x02, 0xfa, 0xd6, 0x00, 0xf9, 0x00, 0x01, 0x08,
	0xbe, 0xfe, 0x00, 0x03, 0xff, 0xfe, 0xbe, 0xfc, 0xfc, 0x00, 0x02, 0x02,
	0xff, 0xf8, 0xfd, 0x00, 0x02, 0x3a, 0xc8, 0x00, 0x1f, 0x01, 0x1c, 0x54,
	0x54, 0x51, 0x48, 0x05, 0xfe, 0x90, 0x7c, 0xd5, 0x15, 0x1a, 0x16, 0x02,
	0x88, 0x98, 0x38, 0xf3, 0x68, 0x30, 0x00, 0x08, 0x80, 0xca, 0xfc, 0x70,
	0x40, 0x00, 0x98, 0xba, 0xf5, 0x1f, 0x01, 0x1c, 0x74, 0x74, 0x51, 0x48,
	0x07, 0xff, 0xef, 0xd7, 0xd5, 0x17, 0x7f, 0xea, 0x00, 0x00, 0x0f, 0xff,
	0xb3, 0x68, 0x37, 0x5c, 0x0b, 0x00, 0xf1, 0xfc, 0x70, 0x54, 0x00, 0xe0,
	0x3e, 0x75, 0x1f, 0x01, 0x1c, 0x74, 0x74, 0x51, 0x48, 0x02, 0x01, 0x78,
	0x00, 0x15, 0x17, 0x79, 0x09, 0xfd, 0x77, 0x64, 0xc7, 0x43, 0x69, 0x37,
	0x5c, 0x0e, 0x7f, 0x03, 0x0c, 0x70, 0x54, 0x00, 0x07, 0x49, 0xf5, 0x1f,
	0x00, 0x41, 0x01, 0x01, 0x04, 0x17, 0xfb, 0x41, 0x79, 0xa8, 0x20, 0x40,
	0x05, 0x68, 0x00, 0x00, 0x06, 0xff, 0x8c, 0x16, 0xc0, 0x00, 0x07, 0x00,
	0x3d, 0xc1, 0x05, 0x00, 0x01, 0x20, 0x0e, 0x00, 0xfb, 0x00, 0x0c, 0x05,
	0xf4, 0xff, 0xff, 0x80, 0x00, 0x01, 0xeb, 0xfd, 0x77, 0x6f, 0xff, 0xf0,
	0xfe, 0x00, 0x03, 0x03, 0x7f, 0xcf, 0xc0, 0xfe, 0x00, 0x02, 0xe7, 0x71,
	0x00, 0xf9, 0x00, 0x01, 0x01, 0xfc, 0xfe, 0x00, 0x03, 0x6b, 0xfd, 0x77,
	0x6e, 0xfc, 0x00, 0x02, 0x01, 0x7f, 0xf0, 0xfd, 0x00, 0x02, 0x27, 0x7c,
	0x00, 0x1f, 0x8a, 0x22, 0x20, 0x22, 0x02, 0x24, 0xdb, 0xef, 0x50, 0xa9,
	0x80, 0xa0, 0x23, 0x8a, 0x55, 0xd5, 0x78, 0x55, 0x6c, 0x00, 0x28, 0x80,
	0x02, 0x41, 0x95, 0x70, 0x02, 0x08, 0x80, 0x35, 0x69, 0x00, 0x1f, 0x8a,
	0x22, 0x20, 0x22, 0x02, 0x25, 0xdb, 0xff, 0xff, 0x77, 0x80, 0xa0, 0x23,
	0x7f, 0x55, 0x55, 0x57, 0xff, 0xec, 0x00, 0x6a, 0xea, 0x83, 0x01, 0x67,
	0xf0, 0x02, 0x0a, 0x80, 0xf0, 0x54, 0x00, 0x1f, 0x8a, 0x22, 0x20, 0x22,
	0x02, 0x25, 0x50, 0x10, 0xa4, 0x00, 0x00, 0xa0, 0x20, 0xc5, 0xab, 0x2a,
	0x81, 0x2a, 0x84, 0x00, 0x6a, 0xea, 0x84, 0xbe, 0x02, 0x90, 0x02, 0x0a,
	0x80, 0x0a, 0x81, 0x00, 0x1f, 0x00, 0x88, 0x8a, 0x88, 0xa8, 0x8a, 0x24,
	0xb0, 0xb4, 0xd7, 0xea, 0x0a, 0x8c, 0xf5, 0x01, 0x00, 0x17, 0x2e, 0x92,
	0xaf, 0x80, 0x00, 0x08, 0x00, 0x3a, 0x8a, 0xa8, 0xa0, 0x03, 0x80, 0x1e,
	0xaa, 0xfb, 0x00, 0x0c, 0x02, 0xea, 0xff, 0xf7, 0x80, 0x00, 0x00, 0xff,
	0xff, 0x7f, 0xd7, 0xff, 0xe0, 0xfe, 0x00, 0x03, 0x01, 0xbf, 0x5f, 0xe0,
	0xfe, 0x00, 0x02, 0x7a, 0xda, 0x00, 0xf8, 0x00, 0x00, 0xf6, 0xfe, 0x00,
	0x03, 0x3f, 0xff, 0x7f, 0xd6, 0xfc, 0x00, 0x02, 0x02, 0xbf, 0x20, 0xfd,
	0x00, 0x02, 0xba, 0xdc, 0x00, 0x1f, 0x05, 0xc4, 0xcd, 0xc1, 0xdc, 0x9a,
	0x27, 0xfb, 0xe0, 0xf8, 0xd4, 0x44, 0x46, 0xc5, 0xff, 0xff, 0xf0, 0x7b,
	0xcc, 0xc0, 0x40, 0x00, 0x04, 0x81, 0x57, 0xcd, 0xdd, 0xc4, 0x03, 0x78,
	0x3c, 0x84, 0x1f, 0x05, 0xc4, 0xcd, 0xc1, 0xdc, 0x9a, 0x27, 0xff, 0xff,
	0xef, 0xf5, 0xc4, 0x56, 0xfe, 0xbd, 0xbf, 0x7f, 0xff, 0xcd, 0x40, 0x5d,
	0xf4, 0x07, 0x81, 0xe7, 0xcd, 0xdd, 0xd4, 0x01, 0xe0, 0x36, 0x05, 0x1f,
	0x05, 0xc4, 0xcd, 0xc1, 0xdc, 0x9a, 0x20, 0x04, 0x18, 0x01, 0x35, 0xc4,
	0x56, 0x20, 0x01, 0x50, 0x01, 0x84, 0x0d, 0x40, 0x5d, 0xf4, 0x02, 0x7e,
	0x48, 0x0d, 0xdd, 0xd4, 0x02, 0x07, 0xd4, 0x85, 0x19, 0x00, 0x11, 0x10,
	0x14, 0x01, 0x45, 0xd8, 0x04, 0x79, 0x15, 0x08, 0x10, 0x01, 0x6a, 0x03,
	0x50, 0x1d, 0xdf, 0x30, 0x9f, 0x80, 0x00, 0x0b, 0x00, 0xf9, 0x30, 0xfe,
	0x00, 0x02, 0x80, 0x1f, 0x50, 0xfb, 0x00, 0x0c, 0x01, 0xd1, 0xff, 0xff,
	0x80, 0x00, 0x00, 0x7e, 0xbf, 0xff, 0x7f, 0xff, 0xc0, 0xfe, 0x00, 0x09,
	0x07, 0xff, 0x97, 0xc0, 0x00, 0x00, 0x01, 0x67, 0xfa, 0x00, 0xf9, 0x00,
	0x01, 0x01, 0xfc, 0xfe, 0x00, 0x03, 0x0e, 0xbf, 0xff, 0x7c, 0xfc, 0x00,
	0x02, 0x01, 0xff, 0xe0, 0xfd, 0x00, 0x02, 0xe7, 0xfc, 0x00, 0x1f, 0x2a,
	0x88, 0x8a, 0x0a, 0x82, 0x81, 0x42, 0xbf, 0xd4, 0xa9, 0x80, 0xa8, 0xaa,
	0xb6, 0xbf, 0xea, 0xa9, 0x75, 0xb0, 0x80, 0xa2, 0xa0, 0x00, 0xc1, 0x9f,
	0xa8, 0x00, 0x22, 0x00, 0x74, 0x58, 0x88, 0x1f, 0xaa, 0x88, 0x8a, 0x0b,
	0x82, 0x81, 0x46, 0xbf, 0xfb, 0x7e, 0x80, 0xa8, 0xaa, 0xbd, 0xd5, 0x57,
	0x97, 0xff, 0xb0, 0x80, 0xaa, 0xaa, 0x03, 0x40, 0xff, 0xa8, 0x00, 0x22,
	0x80, 0xc0, 0x56, 0x88, 0x1f, 0xaa, 0x88, 0x8a, 0x0b, 0x82, 0x81, 0x44,
	0x00, 0x24, 0x01, 0x00, 0xa8, 0xaa, 0x00, 0x15, 0x42, 0x04, 0x8a, 0x10,
	0x80, 0xaa, 0xaa, 0x04, 0x3e, 0x00, 0x08, 0x00, 0x22, 0x82, 0x4b, 0xa1,
	0x08, 0x1f, 0x00, 0x22, 0x20, 0xa0, 0x28, 0x2a, 0xa9, 0x40, 0xb6, 0xd1,
	0xea, 0x02, 0x00, 0x77, 0x7f, 0xeb, 0x6d, 0xae, 0xca, 0x2a, 0x00, 0x00,
	0x09, 0x00, 0x72, 0x42, 0xaa, 0x88, 0x03, 0x40, 0x0f, 0xa2, 0xfa, 0x00,
	0x0b, 0xaa, 0xff, 0xff, 0x80, 0x00, 0x00, 0x3b, 0xea, 0xbf, 0xbf, 0xff,
	0x80, 0xfe, 0x00, 0x09, 0x03, 0x7e, 0x8e, 0x80, 0x00, 0x00, 0x01, 0x8b,
	0xf8, 0x00, 0xf9, 0x00, 0x01, 0x02, 0xf8, 0xfe, 0x00, 0x03, 0x07, 0xff,
	0xeb, 0xe8, 0xfc, 0x00, 0x02, 0x01, 0x7e, 0xe0, 0xfd, 0x00, 0x02, 0x4b,
	0xfe, 0x00, 0x1f, 0x01, 0x51, 0x54, 0x51, 0x14, 0x4a, 0xa8, 0x1f, 0xa0,
	0x77, 0xab, 0x15, 0x00, 0x18, 0x70, 0x00, 0x03, 0xfb, 0xc0, 0x04, 0x01,
	0xe0, 0x0c, 0x83, 0xb7, 0x30, 0xf5, 0x50, 0x06, 0x78, 0x3d, 0xc5, 0x1f,
	0x01, 0x51, 0x7c, 0x51, 0x14, 0x4a, 0xa8, 0x5f, 0x7f, 0xed, 0xab, 0x15,
	0x10, 0x1e, 0xef, 0x7f, 0xff, 0xff, 0xcd, 0x2f, 0x51, 0xe0, 0x07, 0x01,
	0xc7, 0x30, 0xf5, 0x50, 0x03, 0xc0, 0x1e, 0x85, 0x1f, 0x01, 0x51, 0x7c,
	0x51, 0x14, 0x4a, 0xa8, 0x40, 0xd8, 0x06, 0x2b, 0x15, 0x10, 0x04, 0x20,
	0x00, 0x0c, 0x04, 0x0d, 0x2f, 0x51, 0xe0, 0x0a, 0x7c, 0x88, 0x30, 0xf5,
	0x50, 0x04, 0x07, 0xc4, 0x45, 0x1f, 0x00, 0x04, 0x01, 0x04, 0x41, 0x15,
	0x57, 0xe0, 0x79, 0x97, 0x54, 0x40, 0x01, 0x65, 0xbf, 0xf8, 0x0f, 0x5f,
	0x30, 0x50, 0x00, 0x00, 0x03, 0x00, 0xf8, 0xc5, 0x00, 0x00, 0x03, 0x00,
	0x07, 0x90, 0xfa, 0x00, 0x02, 0x07, 0xff, 0xfb, 0xfe, 0x00, 0x05, 0x1e,
	0xd0, 0x87, 0xff, 0xff, 0xc0, 0xfe, 0x00, 0x02, 0x07, 0x7d, 0x37, 0xfd,
	0x00, 0x02, 0xc7, 0xd9, 0x00, 0xf9, 0x00, 0x01, 0x01, 0xf4, 0xfe, 0x00,
	0x02, 0x01, 0xff, 0x78, 0xfb, 0x00, 0x02, 0x01, 0x7d, 0xc0, 0xfe, 0x00,
	0x03, 0x01, 0x47, 0xde, 0x00, 0x1f, 0x0a, 0x02, 0x20, 0x22, 0x20, 0x20,
	0x05, 0x0a, 0xd0, 0xd1, 0x84, 0x22, 0x88, 0x9c, 0x24, 0x10, 0x16, 0xf5,
	0x72, 0xa0, 0x8b, 0x68, 0x02, 0xc2, 0xba, 0xc2, 0x22, 0x08, 0x04, 0xd1,
	0x5a, 0x42, 0x1f, 0x2a, 0x02, 0x60, 0x22, 0x20, 0x20, 0x05, 0x5b, 0x7f,
	0xaf, 0x84, 0x22, 0x88, 0x9f, 0xfa, 0x9b, 0xff, 0xff, 0xf2, 0xa0, 0x8b,
	0x68, 0x83, 0x01, 0x1a, 0xc2, 0x22, 0x0a, 0x81, 0x80, 0x1e, 0x02, 0x1f,
	0x2a, 0x02, 0x60, 0x22, 0x20, 0x20, 0x05, 0x51, 0xa4, 0x06, 0x04, 0x22,
	0x88, 0x93, 0x24, 0x8b, 0x49, 0x0a, 0x92, 0xa0, 0x8b, 0xe8, 0x86, 0x3c,
	0x00, 0x42, 0x22, 0x0a, 0x85, 0x6e, 0xb3, 0xc2, 0x1f, 0x80, 0xa8, 0x8a,
	0x88, 0x8a, 0x8a, 0xaa, 0xa5, 0xb4, 0x7e, 0x6a, 0x88, 0x00, 0x23, 0xbb,
	0xef, 0x5b, 0xae, 0x88, 0x0a, 0x00, 0x00, 0x0e, 0x01, 0xf5, 0x28, 0x88,
	0xa0, 0x0b, 0x40, 0x12, 0x28, 0xfa, 0x00, 0x0b, 0x0a, 0xff, 0xff, 0x80,
	0x00, 0x00, 0x0f, 0xc1, 0xff, 0xfe, 0xff, 0x80, 0xfe, 0x00, 0x02, 0x01,
	0x3d, 0xea, 0xfe, 0x00, 0x03, 0x03, 0xee, 0xbd, 0x80, 0xf8, 0x00, 0x00,
	0xf8, 0xfd, 0x00, 0x00, 0xbe, 0xfa, 0x00, 0x02, 0x02, 0x3d, 0x80, 0xfd,
	0x00, 0x02, 0xee, 0xba, 0x00, 0x1f, 0x04, 0x5d, 0xcd, 0xd4, 0xcd, 0xdd,
	0x5f, 0xa5, 0xf0, 0x03, 0xba, 0xc4, 0x00, 0x1e, 0x00, 0x23, 0xbf, 0xfa,
	0xe5, 0x54, 0x4e, 0x70, 0x09, 0x83, 0x24, 0x95, 0xc4, 0xc0, 0x08, 0xe0,
	0x3d, 0x61, 0x1f, 0x44, 0x5d, 0xcd, 0xf4, 0xcd, 0xfd, 0x5f, 0xa5, 0xff,
	0xff, 0xb8, 0xc5, 0x00, 0x1f, 0xfc, 0x24, 0xff, 0xff, 0xe5, 0xdc, 0x4e,
	0x70, 0x02, 0x82, 0xe4, 0x95, 0xcc, 0xc4, 0x03, 0x80, 0x1e, 0x41, 0x1f,
	0x44, 0x5d, 0xcd, 0xf4, 0xcd, 0xfd, 0x5f, 0xa2, 0x0a, 0x00, 0x3a, 0xc5,
	0x00, 0x19, 0x80, 0x07, 0x40, 0x05, 0x05, 0xdc, 0x4f, 0xf0, 0x0a, 0x7c,
	0x50, 0x95, 0xcc, 0xc4, 0x0e, 0x9f, 0xc1, 0xa1, 0x12, 0x01, 0x00, 0x10,
	0x09, 0x10, 0x00, 0x80, 0x58, 0x7a, 0x42, 0x45, 0x00, 0x00, 0x01, 0xbf,
	0xdd, 0xfc, 0x5f, 0xd8, 0xfe, 0x00, 0x09, 0x07, 0x01, 0xfb, 0x48, 0x11,
	0x00, 0x07, 0x80, 0x02, 0x44, 0xfa, 0x00, 0x02, 0x01, 0xff, 0xff, 0xfe,
	0x00, 0x01, 0x03, 0xc3, 0xfe, 0xff, 0x00, 0xc0, 0xfe, 0x00, 0x02, 0x07,
	0xff, 0x40, 0xfe, 0x00, 0x03, 0x02, 0x9f, 0xdc, 0x80, 0xf8, 0x00, 0x00,
	0x40, 0xfd, 0x00, 0x00, 0x3c, 0xfa, 0x00, 0x02, 0x01, 0xff, 0x80, 0xfe,
	0x00, 0x03, 0x01, 0x9f, 0xdf, 0x00, 0x1f, 0x00, 0x80, 0x08, 0xa8, 0x88,
	0x20, 0x80, 0x02, 0x74, 0x36, 0x85, 0x2a, 0x00, 0x0b, 0x20, 0x0f, 0x5f,
	0xf5, 0x68, 0x22, 0x2c, 0x48, 0x02, 0x47, 0x07, 0x08, 0x08, 0xa8, 0x02,
	0xd0, 0x5a, 0x42, 0x0e, 0x80, 0x84, 0x48, 0xa8, 0x8c, 0x20, 0x80, 0x12,
	0xff, 0xee, 0xc5, 0x2a, 0x00, 0x0b, 0xdf, 0xfe, 0xff, 0x0d, 0xe8, 0x22,
	0x2c, 0x48, 0x02, 0x45, 0x87, 0x08, 0x08, 0xba, 0x02, 0xc0, 0x1b, 0x42,
	0x1f, 0x80, 0x84, 0x48, 0xa8, 0x8c, 0x20, 0x80, 0x10, 0x89, 0x70, 0x47,
	0x2a, 0x00, 0x08, 0xd5, 0x50, 0xa0, 0x0a, 0x80, 0x22, 0x2f, 0xe8, 0x06,
	0xb9, 0x6d, 0x08, 0x08, 0xba, 0x06, 0xef, 0xa2, 0x02, 0xff, 0x2a, 0x1d,
	0xa2, 0x02, 0x22, 0x8a, 0x2a, 0xad, 0xad, 0x73, 0x28, 0x80, 0x00, 0x00,
	0xf7, 0xd5, 0xaa, 0xaf, 0xb2, 0x88, 0x80, 0x00, 0x0e, 0x01, 0xf0, 0xa2,
	0xa2, 0x00, 0x0e, 0xc0, 0x03, 0xe8, 0xfa, 0x00, 0x02, 0x02, 0x3f, 0xde,
	0xfd, 0x00, 0x04, 0xfd, 0x75, 0xff, 0xff, 0xe0, 0xfe, 0x00, 0x01, 0x01,
	0xfc, 0xfd, 0x00, 0x03, 0x01, 0xef, 0xbc, 0x80, 0xf8, 0x00, 0x00, 0x20,
	0xfd, 0x00, 0x01, 0x22, 0x8a, 0xfb, 0x00, 0x02, 0x03, 0xfd, 0x80, 0xfe,
	0x00, 0x03, 0x03, 0xef, 0xbf, 0x00, 0x1f, 0x01, 0x12, 0x50, 0x11, 0x15,
	0x54, 0x42, 0x21, 0xfa, 0x0f, 0xee, 0xc0, 0x00, 0x01, 0xc2, 0x60, 0x3f,
	0xda, 0xf3, 0x45, 0x79, 0x30, 0x0d, 0x87, 0x02, 0x13, 0x11, 0x00, 0x1f,
	0xe0, 0x2e, 0x61, 0x1f, 0x11, 0x3a, 0xf0, 0x11, 0x15, 0x54, 0x6a, 0xa1,
	0xff, 0xff, 0xee, 0xc4, 0x00, 0x01, 0xfd, 0xdb, 0xff, 0xff, 0xf3, 0x45,
	0x79, 0x30, 0x02, 0x87, 0x02, 0x13, 0x11, 0x10, 0x02, 0x80, 0x0f, 0x41,
	0x1f, 0x11, 0x3a, 0xf0, 0x11, 0x15, 0x54, 0x6a, 0xa0, 0x05, 0xf0, 0xee,
	0xc4, 0x00, 0x00, 0x38, 0x40, 0xc0, 0x25, 0x03, 0x45, 0x7e, 0xf0, 0x08,
	0x79, 0x42, 0x13, 0x11, 0x10, 0x1b, 0x1f, 0xd2, 0x21, 0x1f, 0x04, 0x45,
	0x05, 0x44, 0x40, 0x01, 0x15, 0x5e, 0x1f, 0xf8, 0x11, 0x00, 0x00, 0x06,
	0x7a, 0x70, 0xf5, 0x7f, 0xcc, 0x10, 0x01, 0x00, 0x07, 0x01, 0xfd, 0x44,
	0x44, 0x40, 0x07, 0x00, 0x03, 0xd4, 0xfa, 0x00, 0x02, 0x01, 0x7f, 0xfc,
	0xfd, 0x00, 0x04, 0xff, 0xbf, 0xff, 0xdf, 0xf0, 0xfe, 0x00, 0x02, 0x05,
	0xfe, 0x80, 0xfe, 0x00, 0x03, 0x05, 0x9f, 0xdc, 0x80, 0xf3, 0x00, 0x01,
	0x02, 0x74, 0xfb, 0x00, 0x01, 0x03, 0xff, 0xfd, 0x00, 0x03, 0x03, 0x9f,
	0xdf, 0x00, 0x1f, 0x80, 0x00, 0x02, 0x22, 0x20, 0x00, 0x00, 0x02, 0xb1,
	0x7a, 0x20, 0x20, 0x80, 0x08, 0xf0, 0x88, 0x57, 0xf5, 0xec, 0x2a, 0x34,
	0xe8, 0x06, 0xd6, 0x54, 0x22, 0x2a, 0x20, 0x1c, 0xd1, 0x1f, 0x22, 0x0d,
	0xa0, 0x04, 0x42, 0x22, 0x20, 0x00, 0x04, 0x52, 0xff, 0xfb, 0x20, 0x20,
	0x80, 0x08, 0xfd, 0xff, 0x0d, 0x6c, 0x2a, 0x30, 0x28, 0x86, 0x04, 0x94,
	0x22, 0x2a, 0x28, 0x03, 0x00, 0x15, 0xb2, 0x1f, 0xa0, 0x04, 0x42, 0x22,
	0x20, 0x00, 0x04, 0x50, 0x4e, 0x81, 0x20, 0x20, 0x80, 0x08, 0x04, 0x00,
	0x08, 0x0a, 0x84, 0x2a, 0x3f, 0xe8, 0x82, 0x28, 0xd4, 0x22, 0x2a, 0x28,
	0x13, 0x2e, 0xe1, 0x52, 0x1f, 0x0a, 0xaa, 0xa8, 0x88, 0x8a, 0xaa, 0xaa,
	0xad, 0x6e, 0xec, 0x8a, 0x88, 0x00, 0x03, 0x24, 0x7e, 0x9a, 0xaf, 0xf2,
	0x80, 0x82, 0x00, 0x0e, 0x03, 0xaa, 0x88, 0x80, 0x80, 0x0c, 0x00, 0x03,
	0xe8, 0xfa, 0x00, 0x02, 0x02, 0xbb, 0xe8, 0xfd, 0x00, 0xff, 0xff, 0x08,
	0xbe, 0xff, 0xe0, 0x00, 0x00, 0x80, 0x01, 0x2f, 0x80, 0xfe, 0x00, 0x03,
	0x0f, 0x2e, 0xf6, 0x00, 0xf2, 0x00, 0x01, 0xfe, 0xc0, 0xfc, 0x00, 0x01,
	0x03, 0x2e, 0xfd, 0x00, 0x03, 0x02, 0x2e, 0xf7, 0x80, 0x1f, 0x00, 0x80,
	0x0d, 0xf4, 0xd5, 0x55, 0x80, 0x00, 0xff, 0xff, 0x9d, 0xc0, 0x00, 0x01,
	0xf8, 0xbd, 0x8e, 0xfa, 0x31, 0x45, 0xa0, 0x20, 0x0d, 0x8e, 0x28, 0xcd,
	0x44, 0x40, 0x1d, 0x80, 0x0f, 0x14, 0x0d, 0x5a, 0xa2, 0x2d, 0xfc, 0xf5,
	0x5d, 0xa2, 0x00, 0xff, 0xff, 0x9d, 0xc0, 0x00, 0x01, 0xfd, 0xff, 0x0d,
	0xf1, 0x45, 0xa0, 0x24, 0x02, 0x8f, 0x28, 0xcd, 0x55, 0xc0, 0x15, 0x00,
	0x0d, 0x84, 0x1f, 0x5a, 0xa2, 0x2d, 0xfc, 0xf5, 0x5d, 0xa2, 0x01, 0x00,
	0x03, 0x9d, 0xc0, 0x00, 0x00, 0x06, 0x3d, 0x11, 0x05, 0xc1, 0x45, 0xaf,
	0xe4, 0x08, 0x77, 0xa8, 0xcd, 0x55, 0xc0, 0x04, 0x7f, 0xf1, 0x34, 0x1f,
	0x05, 0x5d, 0xd0, 0x01, 0x08, 0x80, 0x5d, 0xfe, 0x04, 0x40, 0x40, 0x00,
	0x00, 0x06, 0x1e, 0x40, 0x9d, 0x5f, 0xcc, 0x90, 0x56, 0x00, 0x07, 0x07,
	0xd5, 0x10, 0x80, 0x00, 0x18, 0x00, 0x03, 0xe1, 0xf9, 0x00, 0x01, 0x5f,
	0xc0, 0xfd, 0x00, 0xff, 0x7f, 0x02, 0x5e, 0xff, 0xf0, 0xfe, 0x00, 0x01,
	0x05, 0xfd, 0xfd, 0x00, 0x03, 0x0b, 0x7f, 0xfe, 0x40, 0xf2, 0x00, 0x01,
	0xfd, 0xa0, 0xfc, 0x00, 0x01, 0x03, 0xfe, 0xfd, 0x00, 0x03, 0x07, 0x7f,
	0xff, 0x80, 0x00, 0x80, 0xfb, 0x00, 0x18, 0x12, 0xbf, 0xa8, 0x00, 0x00,
	0x2a, 0x87, 0xfd, 0x55, 0x57, 0xf5, 0x78, 0x80, 0x52, 0x60, 0x26, 0xd8,
	0x40, 0x88, 0xa0, 0xa0, 0x37, 0x40, 0x16, 0x30, 0x1f, 0x80, 0x15, 0x40,
	0x00, 0x00, 0x01, 0x55, 0x0a, 0xbf, 0xac, 0x00, 0x00, 0x2a, 0x87, 0xff,
	0xfa, 0xbf, 0xff, 0xfc, 0x80, 0x40, 0x6a, 0xa1, 0x16, 0x40, 0x88, 0xa0,
	0xe0, 0x14, 0x00, 0x07, 0xc0, 0x1f, 0x80, 0x15, 0x40, 0x00, 0x00, 0x01,
	0x55, 0x08, 0x00, 0x04, 0x00, 0x00, 0x2a, 0x84, 0x02, 0x00, 0x08, 0x0a,
	0x84, 0x80, 0x7f, 0xea, 0xa8, 0x21, 0xc0, 0x88, 0xa0, 0xe0, 0x2f, 0xbf,
	0xec, 0x10, 0x00, 0x2a, 0xfb, 0xaa, 0x18, 0xfd, 0x42, 0x52, 0xaa, 0xa0,
	0x00, 0x28, 0x2b, 0x50, 0x1a, 0xab, 0xa2, 0x2a, 0x88, 0x00, 0x0e, 0x03,
	0xaa, 0x22, 0x0a, 0x00, 0x13, 0x00, 0x04, 0xea, 0xf9, 0x00, 0x01, 0x2a,
	0xa0, 0xfd, 0x00, 0x00, 0xbf, 0xfe, 0xff, 0x05, 0xe0, 0x00, 0x02, 0x00,
	0x07, 0x34, 0xfd, 0x00, 0x03, 0x03, 0xbf, 0xef, 0x60, 0xeb, 0x00, 0x01,
	0x02, 0x32, 0xfd, 0x00, 0x03, 0x0f, 0xbf, 0xee, 0x80, 0x1f, 0x11, 0x20,
	0x00, 0x20, 0x0a, 0x20, 0x00, 0x00, 0x17, 0x0d, 0x2a, 0xc0, 0x1e, 0x57,
	0xff, 0xf7, 0xff, 0xfa, 0xf3, 0x40, 0x00, 0xc0, 0x01, 0x98, 0xb1, 0x34,
	0x47, 0x00, 0x33, 0x80, 0x0f, 0x1d, 0x1f, 0x13, 0xa8, 0xa8, 0x2a, 0x8a,
	0xaa, 0x00, 0x00, 0x17, 0x0d, 0x2a, 0xc0, 0x1e, 0x57, 0xff, 0xf6, 0x3f,
	0xff, 0xf3, 0xe8, 0x00, 0x75, 0x15, 0x0a, 0xb1, 0x34, 0x47, 0x40, 0x24,
	0x00, 0x0e, 0xd1, 0x05, 0x13, 0xa8, 0xa8, 0x2a, 0x8a, 0xaa, 0xfe, 0x00,
	0x16, 0x0d, 0x2a, 0xc0, 0x1e, 0x20, 0x00, 0x08, 0x00, 0x05, 0x03, 0xe8,
	0x1f, 0xf5, 0x0c, 0x63, 0x31, 0x34, 0x47, 0x40, 0x0e, 0x7f, 0xf0, 0x2d,
	0x1f, 0x04, 0x57, 0x57, 0xd5, 0x75, 0x55, 0xff, 0xff, 0xe8, 0xf2, 0x55,
	0x00, 0x01, 0x88, 0x00, 0x1e, 0x3c, 0x5f, 0xcc, 0x17, 0xe4, 0x00, 0x1c,
	0x0b, 0xc4, 0x41, 0x10, 0x00, 0x32, 0x00, 0x01, 0xf0, 0xf4, 0x00, 0x05,
	0x11, 0xff, 0x5f, 0xff, 0xff, 0xf0, 0xfe, 0x00, 0x01, 0x07, 0x6e, 0xfd,
	0x00, 0x03, 0x16, 0x7f, 0xff, 0x00, 0xeb, 0x00, 0x01, 0x03, 0x6c, 0xfd,
	0x00, 0x03, 0x0e, 0x7f, 0xff, 0xc0, 0x01, 0xa8, 0x20, 0xfe, 0x00, 0x1a,
	0x01, 0x50, 0x40, 0x19, 0x82, 0x07, 0x2a, 0x0b, 0xd7, 0xee, 0xbf, 0x7f,
	0xf5, 0x68, 0x45, 0x55, 0x00, 0x37, 0x1b, 0x22, 0x20, 0x20, 0x00, 0xab,
	0x00, 0x16, 0x98, 0x1f, 0xa8, 0x24, 0x40, 0x45, 0x45, 0x44, 0x21, 0x34,
	0x5d, 0xc2, 0x05, 0x2a, 0x0b, 0xbf, 0xee, 0xfd, 0xff, 0xff, 0xe8, 0x05,
	0x05, 0x2a, 0xab, 0x1a, 0x22, 0x20, 0x20, 0x28, 0xb7, 0x00, 0x17, 0xc8,
	0x0d, 0xa8, 0x24, 0x40, 0x45, 0x45, 0x44, 0x21, 0x34, 0x55, 0x42, 0x07,
	0x2a, 0x00, 0x68, 0xfe, 0x00, 0x0e, 0x0a, 0x80, 0x05, 0xfb, 0x2a, 0xb8,
	0xe3, 0x22, 0x20, 0x20, 0x28, 0x86, 0xff, 0xe8, 0xd0, 0x01, 0x02, 0x8a,
	0xfe, 0xaa, 0x1a, 0xab, 0xfe, 0xea, 0xa2, 0x28, 0xa8, 0x80, 0xb4, 0xaa,
	0x91, 0x49, 0x48, 0xae, 0xb6, 0xea, 0x0c, 0x80, 0x09, 0x14, 0x88, 0x8a,
	0x8a, 0x80, 0x32, 0x00, 0x00, 0xea, 0xf5, 0x00, 0x06, 0x02, 0xff, 0xe8,
	0xaf, 0xda, 0xff, 0xe8, 0xfe, 0x00, 0x01, 0x0b, 0xfc, 0xfd, 0x00, 0x03,
	0x1f, 0xff, 0xff, 0x60, 0xf1, 0x00, 0x00, 0x20, 0xfc, 0x00, 0x01, 0x07,
	0xfa, 0xfd, 0x00, 0x03, 0x0f, 0xff, 0xfe, 0x80, 0x1f, 0x0d, 0xc1, 0x0a,
	0x00, 0x20, 0x00, 0x20, 0x29, 0x5f, 0xcc, 0xa2, 0x01, 0x9e, 0x00, 0xd0,
	0x76, 0x8f, 0xfa, 0xb2, 0x00, 0x23, 0x00, 0x13, 0x38, 0xdc, 0xd5, 0x5b,
	0x00, 0x6e, 0x00, 0x03, 0x98, 0x02, 0x0d, 0xcb, 0x2a, 0xfe, 0x20, 0x19,
	0x00, 0x03, 0xdf, 0xcc, 0xa0, 0x15, 0x9f, 0xff, 0xf4, 0x7f, 0xfb, 0xff,
	0xf8, 0x20, 0x03, 0xfd, 0x5a, 0x3c, 0xdc, 0xd5, 0xdb, 0x40, 0x22, 0x00,
	0x03, 0xd0, 0x02, 0x0d, 0xcb, 0x2a, 0xfe, 0x20, 0x19, 0x00, 0x03, 0xdf,
	0xcc, 0xa2, 0x15, 0x81, 0x03, 0x24, 0x08, 0x34, 0x05, 0x40, 0x20, 0x27,
	0xfd, 0x58, 0xde, 0xdc, 0xd5, 0xdb, 0x40, 0x57, 0xff, 0xfc, 0x88, 0x02,
	0x00, 0x14, 0xd5, 0xfe, 0xdf, 0x19, 0xff, 0xfc, 0x00, 0x11, 0x5d, 0xc0,
	0x61, 0x03, 0xef, 0x98, 0xb4, 0x5f, 0xcf, 0xdf, 0xd8, 0x00, 0x0a, 0x1f,
	0x01, 0x08, 0x04, 0x00, 0x26, 0x00, 0x00, 0xf4, 0xf5, 0x00, 0x06, 0x07,
	0xff, 0xc0, 0x79, 0x7f, 0xff, 0xf0, 0xfe, 0x00, 0x01, 0x0e, 0xf4, 0xfd,
	0x00, 0x03, 0x0f, 0xff, 0xff, 0x20, 0xf2, 0x00, 0x01, 0x06, 0x80, 0xfc,
	0x00, 0x01, 0x06, 0xf8, 0xfd, 0x00, 0x03, 0x1f, 0xff, 0xff, 0xc0, 0x1f,
	0x2a, 0xa0, 0x00, 0x01, 0x00, 0x01, 0x41, 0x40, 0x28, 0x80, 0x15, 0x0a,
	0x3c, 0x28, 0x68, 0xc0, 0x1f, 0x55, 0x4c, 0x04, 0x50, 0xa0, 0x2b, 0x68,
	0x20, 0x88, 0xa0, 0x00, 0xf7, 0x00, 0x07, 0x84, 0x1f, 0x2a, 0xa5, 0x00,
	0x54, 0x55, 0x54, 0x80, 0x14, 0x28, 0x80, 0x15, 0x0b, 0x3f, 0xdb, 0xed,
	0xff, 0xfe, 0xff, 0xfa, 0x50, 0x55, 0x1a, 0xaf, 0x58, 0x20, 0x88, 0xa0,
	0x20, 0x18, 0x00, 0x07, 0x60, 0x1f, 0x2a, 0xa5, 0x00, 0x54, 0x55, 0x54,
	0x80, 0x14, 0x28, 0x80, 0x1f, 0x0b, 0x00, 0x00, 0x85, 0x30, 0x01, 0xaa,
	0xb2, 0x56, 0xd5, 0x1a, 0xa0, 0x8e, 0x20, 0x88, 0xa0, 0x20, 0xdc, 0xff,
	0xf8, 0x1c, 0x1f, 0x00, 0x0a, 0xaa, 0xab, 0xaa, 0xab, 0xff, 0xea, 0x82,
	0x2a, 0xa0, 0xa0, 0xc8, 0xd6, 0x92, 0x32, 0x81, 0xaf, 0xb7, 0xa9, 0x2a,
	0xa0, 0x10, 0x0e, 0x8a, 0x22, 0x0a, 0x80, 0x24, 0x00, 0x00, 0xf2, 0xf5,
	0x00, 0x06, 0x2f, 0xdb, 0xe0, 0x3f, 0xe5, 0xff, 0xe8, 0xfe, 0x00, 0x01,
	0x07, 0xd0, 0xfd, 0x00, 0x03, 0x2c, 0xff, 0xff, 0x88, 0xf4, 0x00, 0x03,
	0xde, 0x00, 0x02, 0x9a, 0xfc, 0x00, 0x01, 0x0b, 0xc8, 0xfd, 0x00, 0x03,
	0x14, 0xff, 0xff, 0xe0, 0x1f, 0x17, 0x55, 0x52, 0x00, 0x80, 0x00, 0x08,
	0x01, 0x01, 0x47, 0xe8, 0x24, 0x78, 0x6c, 0x60, 0xf7, 0x42, 0x8a, 0xb0,
	0x80, 0x0d, 0x40, 0x32, 0x20, 0x54, 0x44, 0x0f, 0x00, 0xbe, 0x00, 0x03,
	0xe7, 0x1f, 0x17, 0x5f, 0xfa, 0xa8, 0x80, 0x00, 0x00, 0x8b, 0x05, 0xc7,
	0xe0, 0x26, 0x7f, 0xff, 0xf0, 0xee, 0xfd, 0x7f, 0xe0, 0x00, 0x0e, 0xb4,
	0x3c, 0x20, 0x54, 0x46, 0x4f, 0x00, 0x04, 0x00, 0x02, 0x01, 0x1f, 0x17,
	0x5f, 0xfa, 0xa8, 0x80, 0x00, 0x00, 0x8b, 0x05, 0xc7, 0xe8, 0x26, 0x04,
	0x10, 0x80, 0x00, 0x02, 0xf5, 0x50, 0x01, 0x0e, 0xb4, 0x29, 0xc4, 0x54,
	0x46, 0x4f, 0x00, 0xcd, 0xff, 0xfc, 0x27, 0xff, 0x00, 0x1d, 0x05, 0x57,
	0x7f, 0xff, 0xff, 0x74, 0x00, 0x10, 0x17, 0xd1, 0x85, 0x93, 0xdf, 0x58,
	0xb2, 0xff, 0xdf, 0xfe, 0xf1, 0x40, 0x0c, 0x2f, 0x01, 0x11, 0x10, 0x00,
	0x6c, 0x00, 0x00, 0xd8, 0xf5, 0x00, 0x06, 0x1f, 0xff, 0xc0, 0x5e, 0xff,
	0xff, 0xf0, 0xfe, 0x00, 0x01, 0x1d, 0xf8, 0xfd, 0x00, 0x03, 0x3d, 0xff,
	0xfe, 0xd0, 0xf5, 0x00, 0x04, 0x01, 0xff, 0x00, 0x3e, 0xf0, 0xfc, 0x00,
	0x01, 0x05, 0xf0, 0xfd, 0x00, 0x03, 0x1d, 0xff, 0xfe, 0xe0, 0x02, 0xaa,
	0x88, 0x22, 0xfe, 0x00, 0x19, 0x41, 0x42, 0x82, 0x22, 0x55, 0x00, 0xa5,
	0x86, 0x6a, 0x0d, 0x68, 0x15, 0x69, 0x95, 0x02, 0x20, 0x82, 0x60, 0x00,
	0x02, 0xa6, 0x80, 0x3d, 0x00, 0x05, 0x96, 0x1f, 0xaa, 0x88, 0x62, 0x44,
	0x15, 0x45, 0x3c, 0x02, 0x82, 0x22, 0x50, 0x00, 0xbf, 0xd3, 0xeb, 0xfd,
	0x7b, 0xff, 0xb8, 0x10, 0x15, 0x9a, 0xad, 0x78, 0x00, 0x02, 0xa6, 0x80,
	0x2c, 0x00, 0x04, 0xe0, 0x1f, 0xaa, 0x88, 0x62, 0x44, 0x15, 0x45, 0x3c,
	0x02, 0x82, 0x22, 0x5f, 0x80, 0x18, 0x78, 0x00, 0xc2, 0x80, 0x02, 0xc0,
	0x9f, 0x95, 0x1a, 0x91, 0x98, 0x00, 0x02, 0xa6, 0x80, 0xee, 0xff, 0xfa,
	0x0e, 0x1f, 0x00, 0x22, 0x88, 0xaa, 0xea, 0xaa, 0xeb, 0xe8, 0x08, 0x88,
	0xa0, 0x6a, 0x5d, 0x51, 0x55, 0xf0, 0x16, 0x96, 0xf7, 0x6a, 0x6a, 0xa0,
	0x25, 0x1e, 0xaa, 0xa8, 0x08, 0x00, 0xcc, 0x00, 0x01, 0x30, 0xf5, 0x00,
	0x06, 0x2e, 0xfb, 0xe0, 0xff, 0xfb, 0xff, 0xe8, 0xfe, 0x00, 0x01, 0x0d,
	0xf8, 0xfd, 0x00, 0x03, 0x1e, 0xff, 0xff, 0xd8, 0xf5, 0x00, 0x05, 0x01,
	0xfb, 0x00, 0x3f, 0xfe, 0x80, 0xfd, 0x00, 0x01, 0x05, 0xe0, 0xfd, 0x00,
	0x03, 0x3e, 0xff, 0xff, 0xa0, 0x1f, 0x05, 0x45, 0xc4, 0x00, 0xa0, 0x08,
	0x21, 0xec, 0x00, 0x9c, 0xa2, 0x0d, 0x1e, 0x5c, 0x37, 0x9a, 0x3c, 0x23,
	0xf0, 0xa2, 0x0f, 0xc0, 0x5f, 0x41, 0xd5, 0xdc, 0x38, 0x01, 0xec, 0x00,
	0x03, 0xd7, 0x1f, 0x05, 0x45, 0xfc, 0xba, 0xa2, 0x0a, 0x03, 0xec, 0x04,
	0x9c, 0xa0, 0x0d, 0x1f, 0xbf, 0xfe, 0xf2, 0x27, 0xff, 0xf2, 0x80, 0x00,
	0x3c, 0x4e, 0x71, 0xd5, 0xdd, 0x39, 0x00, 0xb8, 0x00, 0x03, 0x24, 0x1f,
	0x05, 0x45, 0xfc, 0xba, 0xa2, 0x0a, 0x23, 0xec, 0x04, 0x9c, 0xa2, 0x4d,
	0x00, 0x20, 0x49, 0x05, 0xc3, 0x0c, 0x02, 0xbe, 0x00, 0x3c, 0x5c, 0x99,
	0xd5, 0xdd, 0x39, 0x01, 0x3b, 0xff, 0xfd, 0x1b, 0xff, 0x00, 0x1d, 0x01,
	0x45, 0x5d, 0xf5, 0xdc, 0x10, 0x00, 0x41, 0x5d, 0xb0, 0xe6, 0xa3, 0x49,
	0x60, 0x03, 0xef, 0xcd, 0x41, 0xff, 0xc0, 0x2c, 0x1c, 0x08, 0x00, 0x44,
	0x00, 0xc8, 0x00, 0x01, 0xe4, 0xf5, 0x00, 0x06, 0x1f, 0xbf, 0xf7, 0x77,
	0xe7, 0xdf, 0xe0, 0xfe, 0x00, 0x01, 0x1e, 0xf0, 0xfd, 0x00, 0x03, 0x5b,
	0xff, 0xff, 0xc8, 0xf4, 0x00, 0x04, 0xbf, 0x00, 0xf7, 0xe7, 0xe0, 0xfd,
	0x00, 0x01, 0x06, 0xc0, 0xfd, 0x00, 0x03, 0x2b, 0xff, 0xff, 0xf0, 0xff,
	0xaa, 0x00, 0x22, 0xfe, 0x00, 0x19, 0x50, 0x2a, 0x22, 0x80, 0x15, 0x50,
	0x6f, 0x0a, 0x1d, 0x28, 0x13, 0x85, 0xe2, 0x55, 0x10, 0x80, 0x13, 0x90,
	0x0a, 0x00, 0x10, 0x01, 0x5c, 0x00, 0x05, 0xa5, 0xff, 0xaa, 0x1d, 0x22,
	0x00, 0x15, 0x01, 0x00, 0x2a, 0x2a, 0x80, 0x15, 0x50, 0x6f, 0xf7, 0xfe,
	0xed, 0x55, 0xff, 0xe6, 0x51, 0x4f, 0x2a, 0x9d, 0xf0, 0x0a, 0x04, 0x10,
	0xa0, 0xa0, 0x00, 0x05, 0xe4, 0xff, 0xaa, 0x1d, 0x22, 0x00, 0x15, 0x01,
	0x00, 0x2a, 0x2a, 0x80, 0x17, 0xf0, 0x40, 0x00, 0x61, 0x07, 0xec, 0x02,
	0x06, 0x7f, 0x4d, 0x2a, 0xa0, 0x08, 0x0a, 0x04, 0x10, 0xa1, 0x33, 0xff,
	0xfa, 0xa3, 0xff, 0x00, 0x00, 0x88, 0xfe, 0xaa, 0x19, 0xfa, 0x80, 0x80,
	0x2a, 0xa8, 0x0a, 0x93, 0x34, 0xe9, 0x95, 0x45, 0x66, 0x98, 0x80, 0xba,
	0x80, 0x04, 0x02, 0xa0, 0xaa, 0xaa, 0x00, 0xd0, 0x00, 0x00, 0xbe, 0xf5,
	0x00, 0x06, 0x0b, 0xf7, 0xff, 0xef, 0xfd, 0xff, 0xa0, 0xfe, 0x00, 0x01,
	0x1d, 0xf0, 0xfd, 0x00, 0x03, 0xf3, 0xff, 0xff, 0xd8, 0xf4, 0x00, 0x04,
	0x36, 0x80, 0xbf, 0xfd, 0xe0, 0xfd, 0x00, 0x01, 0x05, 0x80, 0xfd, 0x00,
	0x03, 0x33, 0xff, 0xff, 0xa0, 0x1f, 0x11, 0x15, 0xf1, 0x05, 0xfa, 0x6c,
	0x0f, 0xf0, 0x00, 0x7e, 0xaa, 0xbd, 0x67, 0xc0, 0x80, 0x1d, 0x57, 0x0b,
	0xe7, 0xfe, 0x01, 0x00, 0x6f, 0x51, 0x74, 0xef, 0xa0, 0x01, 0x58, 0x00,
	0x03, 0xe7, 0x1f, 0x11, 0x15, 0xff, 0x37, 0xfa, 0x6c, 0x8f, 0xf0, 0x00,
	0x7e, 0xaa, 0xbd, 0x67, 0xbd, 0xff, 0xff, 0xbf, 0xf7, 0xef, 0xea, 0x8e,
	0xf0, 0x7f, 0x31, 0x74, 0xef, 0x83, 0x01, 0xf0, 0x00, 0x03, 0x93, 0x1f,
	0x11, 0x15, 0xff, 0x37, 0xfa, 0x6c, 0x8f, 0xf0, 0x00, 0x7e, 0xaa, 0xbd,
	0x60, 0x40, 0x38, 0x02, 0xa8, 0x0c, 0x1f, 0xfe, 0x8e, 0xf0, 0x7a, 0x21,
	0x74, 0xef, 0xa3, 0x00, 0x77, 0xff, 0xfc, 0x00, 0xfe, 0x00, 0x1c, 0x40,
	0x05, 0x93, 0x70, 0x00, 0x01, 0x01, 0x55, 0x40, 0x18, 0xdf, 0x38, 0x6a,
	0xaa, 0xcf, 0x00, 0x01, 0x71, 0x00, 0x1a, 0xec, 0x01, 0x10, 0x5c, 0x01,
	0x90, 0x00, 0x00, 0x7f, 0xf5, 0x00, 0x06, 0x01, 0xfd, 0x7f, 0xff, 0xbf,
	0xff, 0xc0, 0xfe, 0x00, 0x01, 0x17, 0x70, 0xfd, 0x00, 0x03, 0xb7, 0xff,
	0xff, 0xec, 0xf4, 0x00, 0x04, 0x1f, 0x80, 0x7f, 0xbf, 0xc0, 0xfd, 0x00,
	0x01, 0x0f, 0xc0, 0xfd, 0x00, 0x03, 0x77, 0xff, 0xff, 0xf0, 0x00, 0x8a,
	0xfe, 0xaa, 0x1b, 0x20, 0x22, 0x06, 0xa8, 0x8a, 0x26, 0x46, 0x28, 0xaa,
	0xd0, 0x00, 0x00, 0x80, 0x13, 0xb2, 0xea, 0x02, 0xa8, 0xb6, 0xa2, 0x20,
	0x45, 0x52, 0x03, 0x70, 0x00, 0x15, 0xe5, 0x00, 0x8a, 0xfe, 0xaa, 0x1b,
	0x24, 0x22, 0x46, 0xa8, 0x8a, 0x24, 0x46, 0x68, 0xaa, 0xef, 0xff, 0xff,
	0xf7, 0xff, 0xb2, 0xea, 0x5f, 0xa8, 0xb7, 0xe2, 0x20, 0x45, 0x56, 0x80,
	0x50, 0x00, 0x01, 0x1b, 0x00, 0x8a, 0xfe, 0xaa, 0x1b, 0x24, 0x22, 0x46,
	0xa8, 0x8a, 0x26, 0x46, 0x68, 0xa0, 0x30, 0x50, 0x00, 0x00, 0x0c, 0x52,
	0xea, 0x57, 0xa8, 0x84, 0xc2, 0x20, 0x45, 0xf6, 0x83, 0xff, 0xff, 0xea,
	0x80, 0xfd, 0x00, 0x1b, 0x8a, 0x88, 0xa8, 0x00, 0x00, 0x88, 0xa8, 0x82,
	0x05, 0xba, 0x50, 0xae, 0x6a, 0x9e, 0x08, 0x00, 0xa8, 0x00, 0x04, 0xd8,
	0x8a, 0xaa, 0x08, 0x00, 0x30, 0x00, 0x00, 0xff, 0xf4, 0x00, 0xfe, 0xff,
	0x02, 0xf7, 0xfa, 0x80, 0xfe, 0x00, 0x01, 0x3b, 0x60, 0xfd, 0x00, 0x03,
	0x3f, 0xff, 0xeb, 0xe6, 0xf4, 0x00, 0x04, 0x0a, 0x00, 0xae, 0xea, 0x80,
	0xfd, 0x00, 0x01, 0x0e, 0x80, 0xfd, 0x00, 0xff, 0xff, 0x01, 0xeb, 0xf8,
	0x1f, 0x04, 0x45, 0xd4, 0x01, 0xc9, 0x9d, 0x0f, 0xc0, 0x01, 0x4f, 0x23,
	0x40, 0x07, 0xe0, 0x00, 0x00, 0x02, 0xbf, 0xc9, 0xd4, 0x00, 0x40, 0x58,
	0x4c, 0x8a, 0x22, 0xa0, 0x02, 0x30, 0x00, 0x03, 0xf3, 0x0c, 0x04, 0x45,
	0xd5, 0x01, 0xc9, 0x9d, 0x0f, 0xc0, 0x01, 0x4f, 0x23, 0xfc, 0x47, 0xfd,
	0xff, 0x0e, 0x7f, 0xc9, 0xd5, 0xff, 0xc0, 0x6f, 0x8c, 0x8a, 0x22, 0x03,
	0x00, 0x40, 0x00, 0x03, 0xdc, 0x0d, 0x04, 0x45, 0xd5, 0x01, 0xc9, 0x9d,
	0x0f, 0xc0, 0x01, 0x4f, 0x23, 0xfc, 0x40, 0x10, 0xfe, 0x00, 0x0e, 0xc0,
	0x09, 0xd5, 0xff, 0xc0, 0x50, 0xcc, 0x8a, 0x22, 0xe3, 0x03, 0xef, 0xff,
	0xfd, 0x10, 0xfe, 0x00, 0x0a, 0x44, 0x14, 0x40, 0xd0, 0x00, 0x00, 0x10,
	0xdc, 0x00, 0x18, 0x70, 0xfe, 0x00, 0x01, 0xe0, 0x34, 0xfe, 0x00, 0x09,
	0x20, 0xb1, 0x55, 0xdd, 0x1c, 0x01, 0x20, 0x00, 0x01, 0x3f, 0xf5, 0x00,
	0x00, 0x01, 0xfe, 0xff, 0x01, 0xfd, 0xfc, 0xfd, 0x00, 0x01, 0x17, 0xc0,
	0xfd, 0x00, 0x03, 0x6f, 0xff, 0xff, 0xe3, 0xf1, 0x00, 0x00, 0x02, 0xfc,
	0x00, 0x00, 0x08, 0xfc, 0x00, 0x03, 0xef, 0xff, 0xff, 0xfc, 0x00, 0x2a,
	0xfd, 0xaa, 0x1a, 0x2a, 0x8a, 0xaa, 0x2a, 0x28, 0x54, 0xa2, 0x3f, 0x40,
	0x01, 0x00, 0x5d, 0xee, 0xb2, 0xaa, 0x2a, 0xa8, 0x83, 0x88, 0x81, 0x55,
	0x52, 0x02, 0xb0, 0x00, 0x07, 0xe8, 0x00, 0x2a, 0xfd, 0xaa, 0x1a, 0x2a,
	0x8a, 0xaa, 0x2a, 0x28, 0x54, 0xba, 0xbf, 0xff, 0xfe, 0xff, 0xf7, 0xee,
	0xb2, 0xab, 0xea, 0xa8, 0x8c, 0x08, 0x81, 0x55, 0x52, 0x83, 0xa0, 0x00,
	0x00, 0x96, 0x00, 0x2a, 0xfd, 0xaa, 0x1a, 0x2a, 0x8a, 0xaa, 0x2a, 0x28,
	0x74, 0xba, 0xb0, 0x90, 0x05, 0x55, 0x0a, 0x04, 0x12, 0xab, 0xea, 0xa8,
	0xbd, 0x88, 0x81, 0xf7, 0xf2, 0x80, 0xaf, 0xff, 0xf9, 0x00, 0xfc, 0x00,
	0x0d, 0x80, 0x20, 0x00, 0x00, 0x82, 0x8a, 0x00, 0x02, 0xd2, 0x85, 0x55,
	0x5f, 0x91, 0x48, 0xfe, 0x00, 0x09, 0x0c, 0x62, 0x2a, 0x08, 0x08, 0x03,
	0x20, 0x00, 0x01, 0x6f, 0xf5, 0x00, 0x00, 0x03, 0xfd, 0xff, 0x00, 0xa0,
	0xfd, 0x00, 0x01, 0x0d, 0x80, 0xfe, 0x00, 0x04, 0x01, 0x6f, 0xff, 0xf9,
	0xf9, 0xf4, 0x00, 0x01, 0x02, 0x80, 0xfa, 0x00, 0x00, 0x02, 0xfc, 0x00,
	0x03, 0xef, 0xff, 0xf9, 0xee, 0xff, 0x00, 0x1d, 0x50, 0x01, 0x55, 0x51,
	0x5f, 0x50, 0x01, 0x47, 0xab, 0x00, 0x04, 0x41, 0x00, 0x02, 0xed, 0xc9,
	0x53, 0x41, 0x01, 0x50, 0x67, 0x31, 0x5a, 0xaa, 0x80, 0x07, 0xf0, 0x00,
	0x0f, 0xfe, 0x0a, 0x00, 0x01, 0x50, 0x01, 0x55, 0x55, 0x5f, 0x50, 0x01,
	0x47, 0xab, 0xfb, 0xff, 0x0e, 0xc9, 0x53, 0x5e, 0xf5, 0x50, 0x67, 0x31,
	0x5a, 0x08, 0x0c, 0x02, 0xa0, 0x00, 0x03, 0x6f, 0x1f, 0x00, 0x01, 0x50,
	0x01, 0x55, 0x55, 0x5f, 0x50, 0x01, 0x47, 0xab, 0xff, 0xea, 0x81, 0x02,
	0xfd, 0x12, 0x08, 0x03, 0x5e, 0xf5, 0x50, 0x78, 0x31, 0x58, 0xaa, 0x8c,
	0x04, 0xef, 0xff, 0xf3, 0x8e, 0xf8, 0x00, 0x0a, 0x10, 0x54, 0x00, 0x1e,
	0x81, 0x02, 0xff, 0xd2, 0x36, 0xac, 0x01, 0xfe, 0x00, 0x08, 0xc4, 0x07,
	0x55, 0x70, 0x03, 0x60, 0x00, 0x03, 0x9f, 0xf5, 0x00, 0x04, 0x07, 0xbe,
	0xff, 0xff, 0xed, 0xfc, 0x00, 0x00, 0x07, 0xfd, 0x00, 0x04, 0x01, 0x6f,
	0xff, 0xf3, 0xf0, 0xf4, 0x00, 0x00, 0x41, 0xf3, 0x00, 0x03, 0xef, 0xff,
	0xf3, 0xff, 0x02, 0x8a, 0x88, 0x88, 0xfb, 0xaa, 0x16, 0x2a, 0x04, 0x20,
	0x9c, 0x04, 0x31, 0x77, 0xee, 0x84, 0xe1, 0x22, 0x0a, 0xa8, 0xb3, 0x2a,
	0x05, 0x45, 0x40, 0x0e, 0x70, 0x00, 0x17, 0xfe, 0x02, 0x8a, 0x88, 0x88,
	0xfb, 0xaa, 0x16, 0x2a, 0x04, 0x2a, 0xff, 0xff, 0xcf, 0xdf, 0xee, 0x84,
	0xe9, 0x2d, 0xea, 0xa8, 0xb3, 0x2a, 0x05, 0x45, 0x42, 0x81, 0x90, 0x00,
	0x00, 0xdd, 0x02, 0x8a, 0x88, 0x88, 0xfb, 0xaa, 0x16, 0x2a, 0x04, 0x2a,
	0xd1, 0x04, 0x14, 0x28, 0x00, 0x04, 0x09, 0x25, 0x6a, 0xa8, 0xb9, 0x2a,
	0x05, 0xc5, 0xc2, 0x8c, 0xcf, 0xff, 0xe9, 0xa4, 0xf8, 0x00, 0x16, 0x80,
	0xaa, 0x80, 0x2d, 0xae, 0xb5, 0x7a, 0x91, 0x6b, 0x1e, 0x8a, 0x80, 0x00,
	0x04, 0x80, 0xaa, 0x2a, 0x28, 0x03, 0x40, 0x00, 0x01, 0xa7, 0xf5, 0x00,
	0x06, 0x0f, 0xfb, 0xff, 0xfe, 0xaa, 0x80, 0xa0, 0xf9, 0x00, 0x04, 0x03,
	0xdf, 0xff, 0xe9, 0xfa, 0xf4, 0x00, 0x01, 0xae, 0xa0, 0xf4, 0x00, 0x03,
	0xdf, 0xff, 0xe9, 0xff, 0x1f, 0x00, 0x40, 0x00, 0x40, 0x54, 0x40, 0x45,
	0xc0, 0x05, 0xc1, 0x5d, 0xc0, 0x0c, 0x08, 0x23, 0xbf, 0x44, 0x29, 0xdc,
	0x25, 0xc5, 0xc0, 0x5b, 0xc0, 0xfa, 0x3a, 0x00, 0x0c, 0x60, 0x00, 0x0f,
	0xff, 0x1f, 0x00, 0x40, 0x00, 0x40, 0x54, 0x40, 0x45, 0xc0, 0x05, 0xf1,
	0xdd, 0xd5, 0xff, 0xf7, 0xde, 0xff, 0x44, 0x29, 0xfc, 0x22, 0x3d, 0xc0,
	0x5b, 0xd0, 0xf0, 0x3a, 0x3c, 0x06, 0xa0, 0x00, 0x03, 0x6d, 0x1f, 0x00,
	0x40, 0x00, 0x40, 0x54, 0x40, 0x45, 0xc0, 0x05, 0xf1, 0xdd, 0xd5, 0xe2,
	0x00, 0x3d, 0x40, 0x00, 0x28, 0x20, 0x22, 0x3d, 0xc0, 0x5b, 0xd0, 0xfa,
	0x3a, 0x3c, 0x09, 0xff, 0xff, 0xf2, 0x91, 0xf8, 0x00, 0x16, 0x04, 0x00,
	0x00, 0x16, 0x08, 0x3f, 0xf0, 0xbb, 0xd6, 0x23, 0xdd, 0xc0, 0x00, 0x04,
	0x05, 0x05, 0xc5, 0xc0, 0x06, 0x60, 0x00, 0x02, 0x93, 0xf5, 0x00, 0x06,
	0x07, 0xff, 0xff, 0xfc, 0x00, 0x00, 0xd0, 0xf9, 0x00, 0x04, 0x02, 0xff,
	0xff, 0xf3, 0xfe, 0xf4, 0x00, 0x00, 0x08, 0xf4, 0x00, 0x04, 0x01, 0xff,
	0xff, 0xf3, 0xff, 0x02, 0x2a, 0xaa, 0x2a, 0xfd, 0xaa, 0x18, 0xa8, 0x2a,
	0x0a, 0x2a, 0x80, 0x2b, 0x05, 0xf7, 0xfb, 0x5e, 0xab, 0xfe, 0x95, 0x0a,
	0xa8, 0xaa, 0xa2, 0x15, 0x41, 0x00, 0x0c, 0xe0, 0x00, 0x1f, 0xff, 0x02,
	0x2a, 0xaa, 0x2a, 0xfd, 0xaa, 0x18, 0xa8, 0x2a, 0x0a, 0x2a, 0x8a, 0xbb,
	0xfb, 0x4f, 0xfb, 0x5e, 0xab, 0xfe, 0x80, 0x7a, 0xa8, 0xaa, 0xe2, 0x15,
	0x41, 0x4a, 0x04, 0x00, 0x00, 0x06, 0xbb, 0x02, 0x2a, 0xaa, 0x2a, 0xfd,
	0xaa, 0x09, 0xa8, 0x2a, 0x0a, 0x2a, 0x8a, 0xb0, 0x54, 0xb8, 0x01, 0x54,
	0xfe, 0x00, 0x0b, 0x5a, 0xa8, 0xaa, 0xe2, 0x1f, 0x41, 0x4a, 0x0b, 0xdf,
	0xff, 0xe7, 0xc1, 0xf8, 0x00, 0x16, 0xa0, 0x80, 0x20, 0x07, 0x55, 0xfa,
	0xa4, 0xa1, 0x54, 0xa9, 0x7f, 0xa0, 0x00, 0x00, 0x08, 0xa0, 0xaa, 0xa0,
	0x04, 0xc0, 0x00, 0x07, 0xc5, 0xf5, 0x00, 0x06, 0x03, 0xff, 0xff, 0xa8,
	0x00, 0x02, 0xfa, 0xf8, 0x00, 0x03, 0xdf, 0xff, 0xe7, 0xfe, 0xe6, 0x00,
	0x04, 0x03, 0xdf, 0xff, 0xe7, 0xff, 0x1f, 0x01, 0x50, 0x00, 0x00, 0x14,
	0x00, 0x00, 0x40, 0x01, 0x71, 0x00, 0x40, 0x11, 0xff, 0xff, 0x50, 0x95,
	0x7f, 0xff, 0xc8, 0x1f, 0x40, 0x11, 0x45, 0xaa, 0x28, 0xc0, 0x19, 0xe0,
	0x00, 0x0f, 0xff, 0x1f, 0x01, 0x50, 0x00, 0x00, 0x14, 0x00, 0x00, 0x40,
	0x01, 0x71, 0x54, 0x40, 0x17, 0xdf, 0xff, 0x50, 0x95, 0x7f, 0xff, 0xd0,
	0x9f, 0x40, 0x15, 0x45, 0x80, 0x28, 0xf0, 0x0c, 0x40, 0x00, 0x05, 0xed,
	0x1f, 0x01, 0x50, 0x00, 0x00, 0x14, 0x00, 0x00, 0x40, 0x01, 0x71, 0x54,
	0x40, 0x12, 0x20, 0x00, 0x00, 0x80, 0x00, 0x00, 0x10, 0x9f, 0x40, 0x15,
	0x45, 0xaa, 0x28, 0xf0, 0x12, 0xdf, 0xff, 0xf6, 0x04, 0xf8, 0x00, 0x16,
	0x04, 0x01, 0x00, 0x0e, 0x74, 0x00, 0xaf, 0x6a, 0x81, 0xf4, 0x3f, 0x60,
	0x00, 0x00, 0x10, 0x55, 0xd7, 0x00, 0x0c, 0xc0, 0x00, 0x06, 0x06, 0xf5,
	0x00, 0x06, 0x01, 0xff, 0xd0, 0x00, 0x00, 0x17, 0xff, 0xf9, 0x00, 0x04,
	0x05, 0xdf, 0xff, 0xf7, 0xef, 0xe6, 0x00, 0x04, 0x03, 0xdf, 0xff, 0xf7,
	0xef, 0xff, 0x88, 0x00, 0x00, 0xfd, 0x8a, 0x18, 0xa8, 0x8a, 0x22, 0x08,
	0x88, 0x88, 0xaa, 0x88, 0x5d, 0xae, 0xff, 0x57, 0x90, 0x2a, 0x88, 0x8a,
	0x82, 0x55, 0x44, 0x28, 0x32, 0xd0, 0x00, 0x1f, 0xff, 0xff, 0x88, 0x00,
	0x00, 0xfd, 0x8a, 0x18, 0xa8, 0x8a, 0x22, 0x28, 0x88, 0xa9, 0xab, 0xdc,
	0x5d, 0xae, 0xff, 0xff, 0x84, 0x2a, 0xaa, 0x8a, 0x82, 0x51, 0x45, 0x68,
	0x08, 0xc0, 0x00, 0x16, 0x07, 0xff, 0x88, 0x00, 0x00, 0xfd, 0x8a, 0x18,
	0xa8, 0x8a, 0x22, 0x28, 0x88, 0xa9, 0x01, 0x54, 0x55, 0x00, 0x00, 0xa8,
	0x04, 0x2a, 0xaa, 0x8a, 0x82, 0x7d, 0x45, 0x68, 0x32, 0xaf, 0xff, 0xe7,
	0x44, 0xf8, 0x00, 0x16, 0x88, 0x82, 0x20, 0x02, 0x54, 0x22, 0xa2, 0x51,
	0x0a, 0xea, 0x7a, 0x80, 0x00, 0x00, 0x28, 0x82, 0xaa, 0x80, 0x0a, 0x80,
	0x00, 0x07, 0x54, 0xf4, 0x00, 0x06, 0x08, 0x00, 0x00, 0x0a, 0xaf, 0xfe,
	0x80, 0xfa, 0x00, 0x04, 0x0d, 0xef, 0xff, 0xf7, 0x57, 0xe6, 0x00, 0x04,
	0x03, 0xef, 0xff, 0xf7, 0x57, 0x04, 0x00, 0x40, 0x04, 0x00, 0x44, 0xfd,
	0x00, 0x16, 0x4c, 0x00, 0x40, 0x00, 0x55, 0xdd, 0x85, 0xff, 0xfe, 0x2d,
	0x40, 0xdc, 0x00, 0x04, 0x5c, 0xa0, 0x20, 0xc0, 0x13, 0xe0, 0x00, 0x2f,
	0xff, 0x04, 0x00, 0x40, 0x04, 0x00, 0x44, 0xfe, 0x00, 0x07, 0x04, 0x44,
	0x45, 0x40, 0x00, 0x5d, 0xdd, 0xa5, 0xfe, 0xff, 0x0c, 0xc0, 0xdd, 0x40,
	0x05, 0xdc, 0x80, 0x20, 0xc0, 0x18, 0x80, 0x00, 0x0e, 0xfd, 0x04, 0x00,
	0x40, 0x04, 0x00, 0x44, 0xfe, 0x00, 0x17, 0x04, 0x4c, 0x45, 0x40, 0x00,
	0x5d, 0xdd, 0xa0, 0x00, 0x01, 0xd2, 0x80, 0xdd, 0x40, 0x05, 0xdc, 0xa0,
	0x20, 0xc0, 0x07, 0x9f, 0xff, 0xdd, 0x00, 0xf2, 0x00, 0x04, 0x5a, 0x00,
	0x07, 0xfe, 0xbd, 0xfe, 0x00, 0x08, 0x01, 0x5f, 0xdf, 0x00, 0x1b, 0x80,
	0x00, 0x0d, 0x00, 0xf1, 0x00, 0x02, 0x5d, 0xff, 0xfd, 0xf9, 0x00, 0x04,
	0x09, 0x9f, 0xff, 0xdf, 0xfd, 0xe6, 0x00, 0x04, 0x07, 0x9f, 0xff, 0xdf,
	0xfd, 0x1f, 0x2a, 0xa0, 0x2a, 0x2a, 0xa8, 0xa2, 0x02, 0x22, 0x02, 0xaa,
	0x82, 0xa0, 0x00, 0x2a, 0xa0, 0x5a, 0xaf, 0xed, 0x57, 0x90, 0xaa, 0x02,
	0x2a, 0x80, 0x51, 0x10, 0x20, 0x31, 0xc0, 0x00, 0x7f, 0xf7, 0x1f, 0x2a,
	0xa0, 0x2a, 0x2a, 0xa8, 0xa2, 0x02, 0x22, 0x0a, 0xaa, 0xaa, 0xa8, 0x00,
	0x2b, 0xa0, 0x5a, 0xbf, 0xff, 0xff, 0x80, 0xaa, 0xaa, 0x2a, 0x80, 0x51,
	0x51, 0x28, 0x32, 0x40, 0x00, 0x11, 0x55, 0x1f, 0x2a, 0xa0, 0x2a, 0x2a,
	0xa8, 0xa2, 0x02, 0x22, 0x0a, 0xaa, 0xaa, 0xa8, 0x00, 0x2b, 0xa0, 0x50,
	0x10, 0x12, 0xa8, 0x00, 0xaa, 0xaa, 0x2a, 0x80, 0x71, 0x51, 0x28, 0x0f,
	0x3f, 0xff, 0x94, 0x48, 0xf3, 0x00, 0x05, 0x0a, 0xa5, 0x5a, 0xbb, 0xfa,
	0x7a, 0xfe, 0x00, 0x08, 0x2a, 0x8a, 0xaa, 0x80, 0x31, 0x00, 0x00, 0x14,
	0x40, 0xf1, 0x00, 0x03, 0xab, 0xef, 0xfe, 0x80, 0xfa, 0x00, 0x04, 0x03,
	0x7f, 0xff, 0x95, 0x5d, 0xe6, 0x00, 0x04, 0x0f, 0x7f, 0xff, 0x95, 0x5d,
	0xfd, 0x00, 0x00, 0x45, 0xf9, 0x00, 0x12, 0x05, 0x4e, 0x20, 0x7e, 0xfe,
	0xaf, 0x05, 0x40, 0x00, 0x05, 0x42, 0x8a, 0x09, 0x00, 0x65, 0x80, 0x00,
	0xfb, 0xfa, 0xfd, 0x00, 0x00, 0x45, 0xfb, 0x00, 0x14, 0x50, 0x00, 0x0d,
	0x4e, 0x21, 0x7f, 0xff, 0xff, 0x0d, 0x7f, 0x40, 0x05, 0x42, 0x8a, 0x0b,
	0x50, 0x1b, 0x00, 0x00, 0x08, 0xea, 0xfd, 0x00, 0x00, 0x45, 0xfb, 0x00,
	0x14, 0x50, 0x00, 0x0d, 0x4e, 0x21, 0x01, 0x01, 0x50, 0x0d, 0x7f, 0x40,
	0x05, 0x42, 0x8a, 0x0b, 0x50, 0x62, 0x7f, 0xff, 0x0c, 0x85, 0xf3, 0x00,
	0x05, 0x11, 0xdf, 0x81, 0x17, 0xfc, 0xf0, 0xfe, 0x00, 0x08, 0x15, 0x75,
	0xf4, 0x00, 0x18, 0x00, 0x00, 0x08, 0x80, 0xf1, 0x00, 0x02, 0x16, 0xff,
	0xfe, 0xf9, 0x00, 0x04, 0x1f, 0x7f, 0xff, 0x0c, 0xef, 0xe6, 0x00, 0x04,
	0x07, 0x7f, 0xff, 0x0c, 0xef, 0xff, 0x88, 0x06, 0xaa, 0x02, 0xaa, 0x88,
	0x80, 0x80, 0x00, 0xfd, 0x80, 0x12, 0x88, 0x54, 0x44, 0xea, 0xbd, 0x5e,
	0x00, 0x08, 0x88, 0x8a, 0x00, 0x44, 0x42, 0x00, 0xef, 0xc0, 0x01, 0x7f,
	0xf5, 0xff, 0x88, 0x1d, 0xaa, 0x02, 0xaa, 0x88, 0x80, 0x80, 0x08, 0x88,
	0x80, 0xa8, 0x80, 0x88, 0x54, 0x45, 0xfa, 0xff, 0xff, 0x40, 0x4a, 0xa8,
	0x8a, 0x00, 0x44, 0x46, 0x28, 0xa0, 0x00, 0x01, 0x55, 0x55, 0xff, 0x88,
	0x1d, 0xaa, 0x02, 0xaa, 0x88, 0x80, 0x80, 0x08, 0x88, 0x80, 0xa8, 0x80,
	0x88, 0x54, 0x45, 0x50, 0x42, 0xa1, 0x40, 0x4a, 0xa8, 0x8a, 0x00, 0x44,
	0x46, 0x28, 0xcf, 0x3f, 0xfe, 0xd5, 0x0a, 0xf4, 0x00, 0x12, 0x03, 0xaa,
	0xaa, 0x05, 0x6a, 0xe8, 0xaa, 0xa0, 0x00, 0x00, 0xaa, 0xaa, 0xa8, 0x80,
	0x2f, 0x00, 0x00, 0x55, 0x00, 0xf1, 0x00, 0x02, 0x02, 0xaf, 0xf8, 0xf9,
	0x00, 0x04, 0x13, 0x3f, 0xff, 0xd5, 0x5f, 0xe6, 0x00, 0x04, 0x0f, 0x3f,
	0xff, 0xd5, 0x5f, 0xff, 0x00, 0x02, 0x14, 0x04, 0x54, 0xf9, 0x00, 0x12,
	0x09, 0x56, 0xa2, 0x20, 0xff, 0xdd, 0xc0, 0x04, 0x45, 0xdd, 0xda, 0x00,
	0x30, 0x00, 0x65, 0x80, 0x01, 0x7f, 0xfa, 0xff, 0x00, 0x02, 0x14, 0x04,
	0x54, 0xf9, 0x00, 0x12, 0x09, 0x56, 0xa2, 0x20, 0xff, 0xfd, 0xfa, 0x2c,
	0x45, 0xdd, 0xda, 0x00, 0x3f, 0xd0, 0x33, 0x00, 0x00, 0x78, 0x2a, 0xff,
	0x00, 0x02, 0x14, 0x04, 0x54, 0xf9, 0x00, 0x12, 0x08, 0x02, 0xa2, 0x20,
	0x00, 0x21, 0xfa, 0x2c, 0x45, 0xdd, 0xda, 0x00, 0x3f, 0xd0, 0x4b, 0x7f,
	0xfe, 0xf8, 0x05, 0xf4, 0x00, 0x12, 0x06, 0xa9, 0x5d, 0xdf, 0x05, 0xe2,
	0x05, 0xd0, 0x00, 0x00, 0x05, 0xff, 0xc0, 0x00, 0x31, 0x00, 0x00, 0x78,
	0x00, 0xf0, 0x00, 0x01, 0x5f, 0xd0, 0xf9, 0x00, 0x04, 0x17, 0x7f, 0xfe,
	0xf8, 0x2f, 0xe6, 0x00, 0x04, 0x0d, 0x7f, 0xfe, 0xf8, 0x2f, 0xff, 0xa0,
	0x1d, 0xa8, 0xaa, 0x8a, 0xaa, 0xa0, 0x00, 0x20, 0x2a, 0x02, 0x80, 0xaa,
	0x9b, 0xba, 0xaa, 0xac, 0xab, 0x2c, 0x80, 0x0a, 0x88, 0xaa, 0x81, 0x00,
	0x48, 0x00, 0xcf, 0x40, 0x05, 0xfd, 0xf5, 0xff, 0xa0, 0x1d, 0xa8, 0xaa,
	0x8a, 0xaa, 0xa0, 0x00, 0x28, 0x2a, 0x02, 0xaa, 0xaa, 0xdb, 0xba, 0xaa,
	0xae, 0xaf, 0xac, 0xc0, 0x0a, 0x88, 0xaa, 0x81, 0x00, 0x5a, 0xa8, 0x11,
	0x00, 0x01, 0x31, 0x54, 0xff, 0xa0, 0x1d, 0xa8, 0xaa, 0x8a, 0xaa, 0xa0,
	0x00, 0x28, 0x2a, 0x02, 0xaa, 0xaa, 0xd0, 0x00, 0x00, 0x06, 0x04, 0x84,
	0xc0, 0x0a, 0x88, 0xaa, 0x81, 0xa8, 0x5a, 0xa8, 0xca, 0xbf, 0xfa, 0x72,
	0x4a, 0xf4, 0x00, 0x12, 0x24, 0x45, 0x55, 0x53, 0x56, 0xd2, 0x2a, 0xa0,
	0x00, 0x00, 0x2a, 0x7f, 0xa0, 0x00, 0x1a, 0x00, 0x00, 0x70, 0x40, 0xf4,
	0x00, 0x05, 0x02, 0xa8, 0x0a, 0x00, 0x2a, 0x20, 0xf9, 0x00, 0x04, 0x37,
	0xbf, 0xfb, 0x73, 0x5e, 0xe6, 0x00, 0x04, 0x0f, 0xbf, 0xfb, 0x73, 0x5e,
	0x1f, 0x00, 0x01, 0x50, 0x00, 0x54, 0x1f, 0x80, 0x10, 0x00, 0x14, 0x01,
	0x40, 0x76, 0x9f, 0xff, 0xfe, 0xff, 0xfb, 0xcc, 0x00, 0x54, 0x57, 0x75,
	0x68, 0x00, 0xc0, 0x00, 0xcb, 0x80, 0x03, 0xff, 0xe8, 0x1f, 0x00, 0x01,
	0x50, 0x00, 0x54, 0x1f, 0x80, 0x10, 0x10, 0x1c, 0x01, 0x41, 0x7e, 0x9f,
	0xff, 0xed, 0xff, 0xff, 0xcc, 0x54, 0x54, 0x57, 0x75, 0x68, 0x00, 0xff,
	0xd0, 0x44, 0x00, 0x00, 0x98, 0x28, 0x1f, 0x00, 0x01, 0x50, 0x00, 0x54,
	0x1f, 0x80, 0x10, 0x10, 0x1c, 0x01, 0x41, 0x7e, 0x80, 0x00, 0x13, 0x00,
	0x04, 0x0c, 0x54, 0x54, 0x57, 0x75, 0x68, 0x50, 0xff, 0xd0, 0x9e, 0x7f,
	0xfc, 0xf8, 0x17, 0xf5, 0x00, 0x07, 0x01, 0x61, 0x14, 0x1f, 0xc0, 0x04,
	0x30, 0x01, 0xfe, 0x00, 0x08, 0x17, 0xff, 0x00, 0x00, 0x4a, 0x00, 0x00,
	0xf8, 0x00, 0xf4, 0x00, 0x04, 0x07, 0xff, 0x7f, 0xf5, 0x13, 0xf8, 0x00,
	0x04, 0x26, 0x7f, 0xfc, 0xf8, 0x3f, 0xe6, 0x00, 0x04, 0x1e, 0x7f, 0xfc,
	0xf8, 0x3f, 0x1f, 0x88, 0x82, 0xaa, 0x8a, 0xaa, 0x27, 0xa8, 0xaa, 0xaa,
	0xa4, 0x08, 0xca, 0x5e, 0xad, 0x75, 0x40, 0x01, 0x67, 0x80, 0x26, 0xaa,
	0x8a, 0xaa, 0x85, 0x08, 0x08, 0x80, 0xcb, 0x00, 0x07, 0xfd, 0x55, 0x0d,
	0x88, 0x82, 0xaa, 0x8a, 0xaa, 0x2f, 0xa8, 0xaa, 0xaa, 0xa4, 0x08, 0xca,
	0x5f, 0xa7, 0xfd, 0xff, 0x0d, 0x80, 0x22, 0xaa, 0x8a, 0xaa, 0x80, 0x09,
	0x4e, 0xa8, 0x77, 0x00, 0x01, 0x81, 0x55, 0x1f, 0x88, 0x82, 0xaa, 0x8a,
	0xaa, 0x23, 0x28, 0xaa, 0xaa, 0xa4, 0x08, 0x4a, 0x54, 0x0a, 0x8a, 0x90,
	0x16, 0x98, 0x00, 0x26, 0xaa, 0x8a, 0xaa, 0x87, 0xb1, 0x4e, 0xa8, 0x87,
	0xff, 0xf9, 0xf2, 0xaa, 0xfc, 0x00, 0x00, 0x0a, 0xfe, 0x00, 0x0a, 0x0a,
	0x83, 0x20, 0xa1, 0x5a, 0xae, 0xd0, 0x97, 0xba, 0x6a, 0x88, 0xfe, 0x00,
	0x08, 0x28, 0xe6, 0xa0, 0x00, 0x73, 0x00, 0x01, 0xf0, 0x00, 0xf4, 0x00,
	0x00, 0x0f, 0xfe, 0xff, 0x01, 0xee, 0x80, 0xfc, 0x00, 0x07, 0x08, 0x00,
	0x00, 0x3f, 0xff, 0xf9, 0xf3, 0xff, 0xf1, 0x00, 0x00, 0x80, 0xf7, 0x00,
	0x04, 0x0f, 0xff, 0xf9, 0xf3, 0xff, 0xff, 0x00, 0x15, 0x54, 0x44, 0x5c,
	0x1a, 0x00, 0x5c, 0x58, 0x63, 0xd9, 0xcc, 0xa5, 0xdb, 0xe2, 0x04, 0x00,
	0x03, 0xd2, 0x9c, 0x44, 0x5d, 0xc4, 0x20, 0xfe, 0x00, 0x04, 0x8f, 0x00,
	0x03, 0xff, 0x6a, 0xff, 0x00, 0x0a, 0x54, 0x44, 0x5c, 0x1a, 0x80, 0x5c,
	0x5c, 0x63, 0xd9, 0xcd, 0xa5, 0xfc, 0xff, 0x0d, 0xf2, 0x9c, 0x44, 0x5d,
	0xdf, 0xa0, 0x03, 0xff, 0xc0, 0x20, 0x00, 0x03, 0x18, 0x20, 0xff, 0x00,
	0x1d, 0x54, 0x44, 0x5c, 0x10, 0x40, 0x5c, 0x58, 0x63, 0xd8, 0x0d, 0xa0,
	0x24, 0x1d, 0x80, 0x00, 0x28, 0x22, 0x9c, 0x44, 0x5d, 0xdf, 0xa5, 0xc3,
	0xff, 0xc0, 0x96, 0xff, 0xfc, 0xf8, 0x95, 0xfb, 0x00, 0x0d, 0x80, 0x00,
	0x04, 0x1c, 0x06, 0x30, 0x5a, 0x2f, 0xff, 0x9b, 0xfc, 0x2b, 0x2d, 0x60,
	0xfe, 0x00, 0x08, 0x5b, 0xfc, 0x00, 0x00, 0x26, 0x00, 0x00, 0xf8, 0x00,
	0xf4, 0x00, 0x00, 0x5f, 0xfd, 0xff, 0x00, 0xc0, 0xf9, 0x00, 0x04, 0x6e,
	0xff, 0xff, 0xf8, 0xb5, 0xfc, 0x00, 0x00, 0x05, 0xf8, 0x00, 0x01, 0x1f,
	0xfc, 0xf7, 0x00, 0x04, 0x1e, 0xff, 0xff, 0xf8, 0xb5, 0x1f, 0x20, 0x2a,
	0xaa, 0xa2, 0xaa, 0x33, 0x2a, 0xba, 0x94, 0x7d, 0x03, 0xec, 0x1b, 0xf5,
	0x55, 0x0a, 0x8a, 0x00, 0x5f, 0xac, 0x2a, 0xaa, 0xaa, 0x14, 0x02, 0x02,
	0xa0, 0xc7, 0x00, 0x05, 0xbd, 0x55, 0x0c, 0x20, 0x2a, 0xaa, 0xa2, 0xaa,
	0x3d, 0x6a, 0xba, 0xbc, 0x7d, 0x03, 0xec, 0x5b, 0xfe, 0xff, 0x0f, 0xfd,
	0xff, 0xff, 0xac, 0x2a, 0xaa, 0xba, 0x80, 0x17, 0xee, 0xa0, 0xe8, 0x00,
	0x04, 0x44, 0x54, 0x1f, 0x20, 0x2a, 0xaa, 0xa2, 0xaa, 0x31, 0x0a, 0xba,
	0x94, 0x55, 0x00, 0x04, 0x50, 0x08, 0xaa, 0x00, 0x00, 0x01, 0x20, 0x04,
	0x2a, 0xaa, 0xba, 0x1f, 0xd7, 0xee, 0xa0, 0x18, 0xff, 0xfb, 0xf2, 0xaa,
	0xfc, 0x00, 0x1a, 0x0f, 0x40, 0x00, 0x2a, 0x82, 0xac, 0x92, 0xa4, 0x0d,
	0xbf, 0x25, 0x77, 0xa9, 0x68, 0x52, 0x80, 0x00, 0x00, 0xaa, 0xa8, 0x00,
	0x00, 0xe4, 0x00, 0x01, 0xb0, 0x00, 0xf7, 0x00, 0x03, 0x02, 0xa0, 0x02,
	0xbf, 0xfd, 0xff, 0x01, 0xfa, 0x80, 0xfa, 0x00, 0x04, 0x2c, 0xff, 0xff,
	0xf6, 0xfe, 0xfc, 0x00, 0x01, 0x02, 0x80, 0xf9, 0x00, 0x02, 0x2f, 0xff,
	0xa8, 0xf8, 0x00, 0x04, 0x1c, 0xff, 0xff, 0xb6, 0xfe, 0x0e, 0x00, 0x01,
	0x51, 0x51, 0x11, 0x1d, 0x90, 0x6f, 0xa0, 0x12, 0x07, 0xfc, 0xc7, 0xf8,
	0xea, 0xfe, 0x00, 0x0d, 0x22, 0xff, 0x0b, 0xff, 0xd5, 0x00, 0x10, 0x01,
	0x01, 0x96, 0x00, 0x07, 0xfe, 0x88, 0x0c, 0x00, 0x01, 0x51, 0x51, 0x11,
	0x1c, 0xb0, 0x7f, 0xe0, 0x12, 0x07, 0xfc, 0xe7, 0xfc, 0xff, 0x0d, 0xdf,
	0xff, 0x0b, 0xff, 0xff, 0x00, 0x1f, 0xff, 0x00, 0x2a, 0x00, 0x02, 0x18,
	0x00, 0x1f, 0x00, 0x01, 0x51, 0x51, 0x11, 0x18, 0x10, 0x6f, 0xa0, 0x02,
	0x00, 0x00, 0xc0, 0x07, 0x15, 0x80, 0x00, 0x00, 0x2d, 0x00, 0x0b, 0xff,
	0xff, 0x1f, 0x1f, 0xff, 0x01, 0x9f, 0xff, 0xfb, 0xf9, 0x77, 0xfc, 0x00,
	0x1a, 0x01, 0x20, 0x10, 0x5f, 0xed, 0xf8, 0x43, 0x38, 0x1f, 0x7f, 0x97,
	0xd7, 0xd0, 0x2f, 0xc0, 0xf4, 0x00, 0x00, 0x67, 0xe0, 0x00, 0x00, 0x36,
	0x00, 0x03, 0xf8, 0x00, 0xf7, 0x00, 0x03, 0x01, 0xf0, 0x01, 0x5f, 0xfc,
	0xff, 0x00, 0xfc, 0xfa, 0x00, 0x04, 0x6f, 0xff, 0xfb, 0xf9, 0x77, 0xfc,
	0x00, 0x01, 0x03, 0x40, 0xf9, 0x00, 0x02, 0x17, 0xd7, 0xd0, 0xf8, 0x00,
	0x04, 0x1f, 0xff, 0xfb, 0xf9, 0x77, 0x1f, 0x88, 0x28, 0x88, 0x8a, 0x8a,
	0x8d, 0xd2, 0x55, 0xaa, 0xed, 0xab, 0xff, 0xc6, 0xf5, 0x57, 0x48, 0x10,
	0x03, 0x00, 0x17, 0xab, 0xba, 0x42, 0x50, 0x08, 0x8a, 0x80, 0x8f, 0x00,
	0x17, 0xbf, 0x55, 0x1f, 0x88, 0x28, 0x88, 0x8a, 0x8a, 0x8d, 0x5a, 0xd7,
	0xaa, 0xed, 0xab, 0xff, 0xc6, 0xff, 0xff, 0xbf, 0xff, 0xfe, 0xff, 0xff,
	0xeb, 0xff, 0xfa, 0x40, 0x7f, 0x2a, 0x88, 0x81, 0x00, 0x06, 0x45, 0x11,
	0x1f, 0x88, 0x28, 0x88, 0x8a, 0x8a, 0x8d, 0x52, 0x5d, 0x00, 0x05, 0x00,
	0x01, 0x44, 0x0a, 0xa8, 0x48, 0x45, 0x03, 0x11, 0x40, 0x41, 0x10, 0x52,
	0x7f, 0x5f, 0x2a, 0x88, 0x3c, 0xff, 0xeb, 0xf4, 0xaa, 0xfc, 0x00, 0x1a,
	0x01, 0xc8, 0xa2, 0x55, 0x12, 0x54, 0xa8, 0x29, 0x0e, 0xaa, 0x48, 0x55,
	0x03, 0x11, 0x56, 0xd4, 0x45, 0xa8, 0x8a, 0xa0, 0x80, 0x00, 0x8c, 0x00,
	0x03, 0xb4, 0x00, 0xf8, 0x00, 0x0b, 0xa0, 0x02, 0xfa, 0x00, 0xaf, 0xff,
	0xf7, 0xff, 0xfd, 0xff, 0xff, 0xa8, 0xfb, 0x00, 0x04, 0x4d, 0xff, 0xef,
	0xf5, 0xbb, 0xfc, 0x00, 0x01, 0x02, 0xa0, 0xf9, 0x00, 0x02, 0x08, 0x00,
	0x02, 0xf8, 0x00, 0x04, 0x3d, 0xff, 0xef, 0xb5, 0xbb, 0xff, 0x00, 0x1d,
	0x44, 0x54, 0x44, 0x0c, 0x6f, 0xa0, 0xfd, 0xfc, 0x5f, 0xff, 0xba, 0x7b,
	0xff, 0x8a, 0xff, 0xba, 0x00, 0x82, 0xbf, 0xbf, 0x3f, 0xa8, 0x40, 0x04,
	0x01, 0x96, 0x00, 0x0f, 0xfa, 0x2a, 0xff, 0x00, 0x0d, 0x44, 0x54, 0x44,
	0x0e, 0x2f, 0xa0, 0xfd, 0xfc, 0x5f, 0xff, 0xba, 0x7f, 0xff, 0xf5, 0xfe,
	0xff, 0x0c, 0xfd, 0xef, 0xff, 0xff, 0x88, 0x7d, 0xfc, 0x00, 0xc8, 0x00,
	0x02, 0x00, 0x00, 0xff, 0x00, 0x05, 0x44, 0x54, 0x44, 0x0c, 0x27, 0xa0,
	0xfd, 0x00, 0x13, 0x3a, 0x04, 0x00, 0x6b, 0x00, 0x45, 0xa0, 0x83, 0x50,
	0x40, 0x3f, 0xfc, 0x7d, 0xfc, 0x01, 0x3d, 0xff, 0xf1, 0xfd, 0xd5, 0xfc,
	0x00, 0x1a, 0x02, 0x60, 0x5f, 0x02, 0x43, 0xa0, 0x54, 0x45, 0x8f, 0x7d,
	0xeb, 0xc5, 0xff, 0xa0, 0x83, 0xc0, 0x40, 0xc0, 0x1f, 0x80, 0x00, 0x00,
	0xd4, 0x00, 0x01, 0xf8, 0x00, 0xf9, 0x00, 0x05, 0x40, 0xf0, 0x01, 0xfe,
	0x00, 0x1f, 0xfc, 0xff, 0x01, 0x7f, 0xfc, 0xfb, 0x00, 0x04, 0x4d, 0xff,
	0xf3, 0xfd, 0xd5, 0xfc, 0x00, 0x01, 0x01, 0xd0, 0xf5, 0x00, 0x00, 0x80,
	0xfa, 0x00, 0x04, 0x3d, 0xff, 0xf3, 0xfd, 0xd5, 0x00, 0x00, 0xfc, 0xaa,
	0x19, 0x73, 0x76, 0xf9, 0xfa, 0xab, 0xff, 0xb1, 0xbd, 0xd7, 0x55, 0xb6,
	0xab, 0xd0, 0x11, 0x5f, 0xfe, 0x99, 0x54, 0x80, 0x2a, 0x83, 0x1d, 0x00,
	0x1f, 0xbf, 0x55, 0x00, 0x00, 0xfd, 0xaa, 0x1a, 0xab, 0x57, 0x76, 0xfb,
	0xfa, 0xab, 0xff, 0xb5, 0xbf, 0xff, 0xff, 0xb6, 0xab, 0xff, 0xef, 0xff,
	0xff, 0x99, 0x01, 0xfb, 0xea, 0xa0, 0x04, 0x00, 0x06, 0x4c, 0x00, 0x00,
	0x00, 0xfd, 0xaa, 0x03, 0xa8, 0x51, 0x54, 0x02, 0xfe, 0x00, 0x13, 0x15,
	0x02, 0x28, 0x8a, 0x14, 0x00, 0x25, 0x14, 0xa0, 0x00, 0x19, 0xfd, 0xfb,
	0xea, 0xa3, 0x3a, 0xff, 0xe7, 0xf8, 0xaa, 0xfc, 0x00, 0x12, 0x01, 0x64,
	0x89, 0x26, 0xa5, 0x54, 0xaa, 0x4a, 0x4a, 0xba, 0xde, 0x49, 0x54, 0xb5,
	0x15, 0xea, 0xa9, 0x62, 0x2a, 0xfe, 0x00, 0x04, 0x18, 0x00, 0x07, 0xb8,
	0x00, 0xfb, 0x00, 0x0b, 0x10, 0x00, 0xa8, 0xf8, 0x2a, 0xfe, 0x80, 0x2f,
	0xff, 0xff, 0x80, 0x2a, 0xfe, 0xff, 0x01, 0xfe, 0x80, 0xfd, 0x00, 0x04,
	0xce, 0xff, 0xe7, 0xfc, 0xaa, 0xfb, 0x00, 0x00, 0xa8, 0xed, 0x00, 0x04,
	0x3e, 0xff, 0xe7, 0xbc, 0xaa, 0xff, 0x00, 0x1d, 0x05, 0x54, 0x14, 0x07,
	0x03, 0x89, 0xff, 0xfd, 0x7f, 0xff, 0xd0, 0x5f, 0xef, 0xaf, 0x15, 0x28,
	0x76, 0x02, 0xff, 0xff, 0x3f, 0x80, 0x00, 0x15, 0x01, 0x8e, 0x00, 0x0f,
	0x7f, 0xaf, 0xff, 0x00, 0x10, 0x05, 0x54, 0x14, 0x07, 0x83, 0x89, 0xff,
	0xfd, 0x7f, 0xff, 0xd0, 0x7f, 0xff, 0xff, 0x15, 0x3a, 0x7f, 0xfe, 0xff,
	0x09, 0x3e, 0x03, 0xff, 0xf5, 0x00, 0xd4, 0x00, 0x04, 0x8c, 0x00, 0xff,
	0x00, 0x05, 0x05, 0x54, 0x14, 0x07, 0x08, 0x88, 0xfc, 0x00, 0x12, 0x20,
	0x10, 0x50, 0x15, 0x3a, 0x09, 0xfd, 0x00, 0x00, 0x3f, 0xd3, 0xff, 0xf5,
	0x01, 0x3d, 0xff, 0xf7, 0xf4, 0x50, 0xfc, 0x00, 0x12, 0x01, 0x88, 0x76,
	0x40, 0x52, 0x81, 0x74, 0x2f, 0xa5, 0x7d, 0xfc, 0xc0, 0x45, 0x8f, 0xff,
	0xff, 0xf0, 0xc0, 0x2c, 0xfe, 0x00, 0x04, 0xcc, 0x00, 0x07, 0x74, 0x00,
	0xfb, 0x00, 0x0c, 0x08, 0x01, 0xf1, 0xf0, 0x07, 0xff, 0x00, 0x1f, 0xff,
	0xff, 0x00, 0x00, 0x17, 0xfe, 0xff, 0xfc, 0x00, 0x04, 0x5d, 0xff, 0xf7,
	0xfc, 0x50, 0xfb, 0x00, 0x00, 0x74, 0xed, 0x00, 0x04, 0x3d, 0xff, 0xf7,
	0x7c, 0x50, 0x1f, 0x80, 0x00, 0x8a, 0xaa, 0xaa, 0x8a, 0x8b, 0xfa, 0xff,
	0xfa, 0xaf, 0x57, 0xaa, 0xbf, 0xd7, 0x56, 0x80, 0x88, 0x1a, 0xff, 0xff,
	0x7e, 0x6f, 0x42, 0x88, 0xae, 0x83, 0x3d, 0x00, 0x16, 0xbf, 0x57, 0x1f,
	0x80, 0x00, 0x8a, 0xaa, 0xaa, 0x8b, 0x83, 0xfa, 0xff, 0xfa, 0xaf, 0xff,
	0xaa, 0xbf, 0xff, 0xfe, 0x80, 0x88, 0x1b, 0xff, 0xff, 0xfe, 0x6d, 0x02,
	0xaa, 0xae, 0x88, 0x58, 0x00, 0x11, 0x49, 0x11, 0x07, 0x80, 0x00, 0x8a,
	0xaa, 0xaa, 0x8a, 0x0e, 0x50, 0xfe, 0x00, 0x14, 0xa8, 0x00, 0x00, 0x28,
	0xa8, 0x00, 0x88, 0x11, 0x00, 0x00, 0x80, 0xef, 0xc2, 0xaa, 0xae, 0x8b,
	0xb6, 0xff, 0xef, 0xfc, 0xa8, 0xfc, 0x00, 0x12, 0x01, 0x04, 0x05, 0xa8,
	0xa5, 0x52, 0xea, 0x55, 0x4a, 0xaa, 0xa9, 0x08, 0x02, 0xa5, 0xaa, 0xaa,
	0xa9, 0x00, 0x28, 0xfe, 0x00, 0x04, 0x64, 0x00, 0x06, 0xbc, 0x00, 0xfb,
	0x00, 0x0f, 0x0e, 0x00, 0xea, 0xe8, 0x8b, 0xfe, 0x88, 0xae, 0xff, 0xfe,
	0x00, 0x00, 0x02, 0xee, 0xef, 0xfa, 0xfc, 0x00, 0x04, 0xce, 0xff, 0xff,
	0xfd, 0xb9, 0xfb, 0x00, 0x00, 0x78, 0xed, 0x00, 0x04, 0x3e, 0xff, 0xfe,
	0xbd, 0xb9, 0xff, 0x00, 0x1d, 0x04, 0xcd, 0x44, 0x07, 0xea, 0xe5, 0xdf,
	0xdd, 0x57, 0xaf, 0xc5, 0xfd, 0xff, 0xff, 0xc0, 0x00, 0x5a, 0x04, 0x5f,
	0xf8, 0xdf, 0xc0, 0x00, 0x5c, 0x01, 0x0a, 0x00, 0x3f, 0xfe, 0xbd, 0xff,
	0x00, 0x0a, 0x04, 0xcd, 0x44, 0x07, 0xe2, 0xe5, 0xff, 0xfd, 0x5f, 0xff,
	0xc5, 0xfe, 0xff, 0x0f, 0xc0, 0x00, 0x5a, 0x04, 0x5f, 0xf8, 0xdf, 0xdd,
	0xd4, 0x5c, 0x00, 0x70, 0x00, 0x0c, 0x06, 0x00, 0xff, 0x00, 0x04, 0x04,
	0xcd, 0x44, 0x07, 0xa2, 0xfe, 0x20, 0x15, 0x08, 0x50, 0x00, 0x02, 0x00,
	0x00, 0xc0, 0x00, 0x5a, 0x00, 0x00, 0x04, 0xdf, 0xdd, 0xd4, 0x5c, 0x01,
	0x1d, 0xff, 0xcf, 0xff, 0x42, 0xfa, 0x00, 0x0e, 0x1a, 0x60, 0x62, 0xa9,
	0xfc, 0x3a, 0x06, 0x7c, 0xfc, 0x00, 0x00, 0x05, 0xfb, 0xa0, 0x03, 0xfc,
	0x00, 0x04, 0x68, 0x00, 0x0f, 0xfe, 0x00, 0xfb, 0x00, 0x09, 0x2a, 0x01,
	0xdd, 0xd0, 0x07, 0xff, 0x00, 0x5d, 0xff, 0xfc, 0xfd, 0x00, 0x01, 0x05,
	0xf0, 0xfc, 0x00, 0x04, 0xdd, 0xff, 0xcf, 0xff, 0x42, 0xfb, 0x00, 0x00,
	0x15, 0xed, 0x00, 0x04, 0x3d, 0xff, 0xcf, 0xff, 0x42, 0x1f, 0x00, 0xaa,
	0x2a, 0xaa, 0xa2, 0x2b, 0x59, 0x7b, 0xfe, 0xfa, 0x2f, 0x57, 0x8e, 0xbf,
	0xde, 0xde, 0x2a, 0x82, 0x28, 0xa8, 0x5a, 0x84, 0xaa, 0xa0, 0x02, 0xa2,
	0x03, 0x6c, 0x00, 0x5e, 0xbf, 0xdf, 0x15, 0x00, 0xaa, 0x2a, 0xaa, 0xa2,
	0x2b, 0x51, 0x7b, 0xff, 0xfa, 0xaf, 0xff, 0xbe, 0xbf, 0xff, 0xfe, 0x2a,
	0x82, 0x28, 0xe8, 0x5a, 0xa4, 0xfe, 0xaa, 0x06, 0xa2, 0x80, 0x9c, 0x00,
	0x19, 0x48, 0x01, 0x15, 0x00, 0xaa, 0x2a, 0xaa, 0xa2, 0x2b, 0xd1, 0x10,
	0x01, 0x00, 0x80, 0xa8, 0x34, 0x00, 0x21, 0x20, 0x2a, 0x82, 0x28, 0xe8,
	0x50, 0x2c, 0xfe, 0xaa, 0x06, 0xa2, 0x83, 0x33, 0xff, 0xbf, 0xfc, 0x21,
	0xfb, 0x00, 0x0f, 0x01, 0x04, 0xa3, 0xa5, 0xd2, 0xfa, 0x61, 0x4a, 0xab,
	0xa9, 0x80, 0x28, 0x82, 0x02, 0xa5, 0x72, 0xfc, 0x00, 0x04, 0xe0, 0x00,
	0x1e, 0xbc, 0x01, 0xfb, 0x00, 0x09, 0x18, 0x02, 0xea, 0xa8, 0x0b, 0xfe,
	0x80, 0x2f, 0xfa, 0xfa, 0xfd, 0x00, 0x01, 0x02, 0x80, 0xfc, 0x00, 0x04,
	0xdf, 0xff, 0xbf, 0xfc, 0x21, 0xfb, 0x00, 0x01, 0x26, 0x80, 0xee, 0x00,
	0x04, 0x3f, 0xff, 0xbe, 0xbc, 0x21, 0xff, 0x00, 0x1d, 0x01, 0x55, 0x40,
	0x07, 0xff, 0xf7, 0xfe, 0xf1, 0x5f, 0xee, 0x38, 0x3f, 0xfb, 0xfb, 0x5e,
	0x10, 0xd0, 0x01, 0x5e, 0x04, 0x00, 0x20, 0x00, 0x10, 0x03, 0x3c, 0x00,
	0x3f, 0x7f, 0xff, 0xff, 0x00, 0x1d, 0x01, 0x55, 0x40, 0x07, 0xf0, 0xf7,
	0xff, 0xf5, 0x5f, 0xff, 0x38, 0x7f, 0xff, 0xff, 0xde, 0x10, 0xd8, 0x01,
	0x5e, 0x04, 0x00, 0x35, 0x54, 0x10, 0x01, 0x08, 0x00, 0x10, 0x86, 0x00,
	0xff, 0x00, 0x1d, 0x01, 0x55, 0x40, 0x07, 0xd8, 0x80, 0x01, 0x04, 0x00,
	0x11, 0x38, 0x40, 0x04, 0x04, 0xde, 0x00, 0xd8, 0x01, 0x5e, 0x04, 0x00,
	0x35, 0x54, 0x10, 0x02, 0x63, 0xff, 0xdf, 0xfe, 0x00, 0xfb, 0x00, 0x0f,
	0x18, 0x08, 0x01, 0x0e, 0xa1, 0x7d, 0xc7, 0xc5, 0x75, 0x74, 0x01, 0xef,
	0x00, 0x00, 0x01, 0xf0, 0xfd, 0x00, 0x05, 0x01, 0x30, 0x00, 0x1f, 0x7e,
	0x00, 0xfb, 0x00, 0x09, 0x07, 0x83, 0xf6, 0xf0, 0x07, 0xfe, 0x00, 0x1f,
	0xfb, 0xf8, 0xf6, 0x00, 0x04, 0x9b, 0xff, 0xdf, 0xfe, 0x00, 0xe6, 0x00,
	0x04, 0x7b, 0xff, 0xdf, 0x7e, 0x00, 0x1f, 0x80, 0x8a, 0xa2, 0xaa, 0x28,
	0x8a, 0xff, 0xfb, 0x4f, 0xea, 0xaf, 0xba, 0x22, 0x3f, 0x17, 0xff, 0x0a,
	0xfe, 0x90, 0x00, 0x8a, 0x28, 0x88, 0x80, 0x08, 0xa8, 0x83, 0x2d, 0x01,
	0x7e, 0xbf, 0xff, 0x16, 0x80, 0x8a, 0xa2, 0xaa, 0x28, 0x8a, 0xfd, 0xfb,
	0xef, 0xeb, 0xaf, 0xfe, 0xe2, 0x3f, 0xff, 0xff, 0x0a, 0xfe, 0x90, 0x00,
	0x8a, 0x28, 0x88, 0xfe, 0xaa, 0x05, 0x80, 0xe4, 0x00, 0x09, 0x4d, 0x05,
	0x16, 0x80, 0x8a, 0xa2, 0xaa, 0x28, 0x8a, 0xc0, 0x10, 0xa0, 0x01, 0x00,
	0x44, 0xe2, 0x00, 0xe8, 0x01, 0x00, 0x00, 0x10, 0x00, 0x8a, 0x28, 0x88,
	0xfe, 0xaa, 0x05, 0x83, 0x22, 0xfe, 0x9f, 0xf9, 0x05, 0xfb, 0x00, 0x0f,
	0x0d, 0x84, 0xb0, 0x94, 0x50, 0xed, 0x88, 0xca, 0xea, 0xa8, 0xb5, 0x29,
	0x6a, 0xaa, 0x20, 0x80, 0xfc, 0x00, 0x04, 0xe0, 0x00, 0x1e, 0xb9, 0x05,
	0xfb, 0x00, 0x0c, 0x0f, 0x82, 0xca, 0xe8, 0x0a, 0xba, 0x00, 0x2f, 0xbe,
	0xfa, 0x00, 0xaa, 0x80, 0xf9, 0x00, 0x04, 0xd6, 0xfe, 0x9f, 0xfd, 0x05,
	0xe6, 0x00, 0x04, 0x36, 0xfe, 0x9e, 0xbd, 0x05, 0x14, 0x00, 0x04, 0x44,
	0x40, 0x40, 0x05, 0x9f, 0x87, 0x7f, 0xe4, 0xef, 0xfd, 0x41, 0x9b, 0xff,
	0xfc, 0x2f, 0xa3, 0xfc, 0x3b, 0xc0, 0xfd, 0x00, 0x03, 0x40, 0x03, 0xb8,
	0x00, 0xfe, 0xff, 0x1f, 0x00, 0x04, 0x44, 0x40, 0x40, 0x05, 0xdf, 0xc7,
	0xff, 0xf4, 0xff, 0xff, 0x61, 0x9f, 0xff, 0xfc, 0x2f, 0xff, 0xfc, 0x3b,
	0xc0, 0x00, 0x00, 0x14, 0x54, 0x40, 0x01, 0x48, 0x00, 0x30, 0x05, 0x03,
	0x1f, 0x00, 0x04, 0x44, 0x40, 0x40, 0x05, 0x80, 0x40, 0x80, 0x10, 0x10,
	0x02, 0x61, 0x84, 0x00, 0x02, 0x20, 0x5c, 0x00, 0x3b, 0xc0, 0x00, 0x00,
	0x14, 0x54, 0x40, 0x02, 0x27, 0xff, 0x2f, 0xff, 0x03, 0xfb, 0x00, 0x0f,
	0x67, 0xf8, 0xc0, 0x1b, 0x10, 0x02, 0x80, 0x64, 0x5c, 0x51, 0xd0, 0xff,
	0x03, 0xc4, 0x00, 0x40, 0xfd, 0x00, 0x05, 0x01, 0xf0, 0x00, 0x2f, 0xff,
	0x03, 0xfb, 0x00, 0x0c, 0x0f, 0x85, 0x45, 0xc0, 0x05, 0xfc, 0x00, 0x1b,
	0xff, 0xfc, 0x07, 0xff, 0xc0, 0xf9, 0x00, 0x04, 0x9f, 0xff, 0x3f, 0xff,
	0x03, 0xe6, 0x00, 0x04, 0x7f, 0xff, 0x3f, 0xff, 0x03, 0x1f, 0x00, 0x2a,
	0x2a, 0x8a, 0xa8, 0x0a, 0x2c, 0xeb, 0xea, 0xee, 0xbf, 0xbe, 0x22, 0x7e,
	0xf7, 0xfe, 0x6d, 0x41, 0x5f, 0xaa, 0x88, 0xa2, 0x00, 0x20, 0xaa, 0xa0,
	0x03, 0x3c, 0x01, 0x7a, 0xbf, 0xff, 0x1f, 0x00, 0x2a, 0x2a, 0x8a, 0xa8,
	0x0a, 0xaf, 0xeb, 0xeb, 0xee, 0xbf, 0xfe, 0x22, 0x7f, 0xff, 0xfe, 0x66,
	0xff, 0xfd, 0xaa, 0x88, 0xaa, 0x20, 0xaa, 0xaa, 0xa8, 0x00, 0x84, 0x00,
	0x65, 0x4b, 0x55, 0x1f, 0x00, 0x2a, 0x2a, 0x8a, 0xa8, 0x0a, 0x03, 0x00,
	0x01, 0x04, 0x00, 0x40, 0x22, 0x41, 0x08, 0x00, 0xcb, 0x94, 0xa2, 0x00,
	0x08, 0xaa, 0x20, 0xaa, 0xaa, 0xa8, 0x03, 0x43, 0xfe, 0xff, 0xfe, 0x51,
	0xfb, 0x00, 0x0e, 0x93, 0x94, 0x95, 0x11, 0x42, 0xe1, 0x80, 0x83, 0xaa,
	0xa9, 0x12, 0xd5, 0xaa, 0x55, 0x22, 0xfb, 0x00, 0x04, 0xb0, 0x00, 0x7a,
	0xbe, 0x55, 0xfb, 0x00, 0x0d, 0x0e, 0xa2, 0xaa, 0xa0, 0x2a, 0xaa, 0x00,
	0x2a, 0xff, 0xfa, 0x0f, 0xff, 0xfe, 0x80, 0xfa, 0x00, 0x04, 0xb7, 0xfe,
	0xff, 0xff, 0x55, 0xe6, 0x00, 0x04, 0x77, 0xfe, 0xfa, 0xbf, 0x55, 0x1f,
	0x00, 0x01, 0x55, 0x54, 0x40, 0x1f, 0x9f, 0xff, 0xf6, 0xe2, 0x7d, 0xff,
	0x10, 0xff, 0xff, 0x78, 0x1e, 0x80, 0x03, 0xff, 0xb6, 0x70, 0x00, 0x00,
	0x14, 0x00, 0x03, 0x98, 0x00, 0xff, 0x7f, 0xff, 0x10, 0x00, 0x01, 0x55,
	0x54, 0x40, 0x1f, 0x9f, 0xff, 0xff, 0xea, 0x7f, 0xff, 0x10, 0xff, 0xff,
	0xfc, 0x1f, 0xfe, 0xff, 0x0b, 0xb6, 0x70, 0x00, 0x7c, 0x54, 0x00, 0x01,
	0x78, 0x00, 0xc0, 0x81, 0xaf, 0x1f, 0x00, 0x01, 0x55, 0x54, 0x40, 0x1f,
	0x80, 0x00, 0x09, 0x0a, 0x02, 0x00, 0x10, 0x80, 0x00, 0x85, 0x01, 0x60,
	0xfc, 0x00, 0x36, 0x70, 0x00, 0x7c, 0x54, 0x00, 0x02, 0x37, 0xff, 0x3f,
	0xff, 0xaf, 0xfb, 0x00, 0x0f, 0x61, 0x00, 0x09, 0x15, 0x83, 0x50, 0xc1,
	0x00, 0x54, 0xd6, 0xe7, 0xe0, 0xff, 0x00, 0x41, 0x80, 0xfd, 0x00, 0x05,
	0x01, 0xd0, 0x00, 0x3f, 0x7f, 0xaf, 0xfb, 0x00, 0x0a, 0x07, 0xc7, 0xc6,
	0xc0, 0x15, 0xfc, 0x00, 0x1f, 0xff, 0x78, 0x1f, 0xfe, 0xff, 0xfa, 0x00,
	0x00, 0xbf, 0xfe, 0xff, 0x00, 0xaf, 0xe6, 0x00, 0x04, 0x7f, 0xff, 0xff,
	0x7f, 0xaf, 0x1f, 0x00, 0x88, 0xa2, 0x2a, 0xa8, 0xae, 0x6f, 0xef, 0xef,
	0xf5, 0x8f, 0x73, 0xc1, 0xae, 0xf6, 0xfe, 0x2f, 0x50, 0x51, 0x57, 0x96,
	0xc0, 0x28, 0xaa, 0xaa, 0x80, 0x03, 0x28, 0x01, 0xee, 0xaf, 0xff, 0x05,
	0x00, 0x88, 0xa2, 0x2a, 0xa8, 0xae, 0xfe, 0xef, 0x16, 0xf5, 0xaf, 0xff,
	0xc1, 0xbf, 0xff, 0xfe, 0x2f, 0xef, 0xff, 0xff, 0x96, 0xc0, 0x2a, 0xfa,
	0xaa, 0x80, 0x03, 0xd0, 0x01, 0x11, 0x52, 0x56, 0x1f, 0x00, 0x88, 0xa2,
	0x2a, 0xa8, 0xae, 0x40, 0x00, 0x00, 0x15, 0x20, 0x8c, 0x41, 0x11, 0x09,
	0x00, 0x90, 0x91, 0x04, 0xa8, 0x14, 0x40, 0x2a, 0xfa, 0xaa, 0x80, 0x00,
	0x07, 0xfe, 0x7f, 0xff, 0x57, 0xfb, 0x00, 0x10, 0x92, 0x90, 0x12, 0x8a,
	0x72, 0xae, 0x2a, 0x5b, 0xab, 0xa9, 0x4a, 0xd1, 0x55, 0xea, 0xe9, 0x2a,
	0x80, 0xfe, 0x00, 0x05, 0x03, 0xf0, 0x00, 0x6e, 0xaf, 0x57, 0xfb, 0x00,
	0x0a, 0x0f, 0xaa, 0x8a, 0x80, 0x0b, 0xfa, 0x80, 0x2e, 0xfe, 0xfa, 0x0f,
	0xfe, 0xff, 0x00, 0x80, 0xfb, 0x00, 0x04, 0x37, 0xff, 0x7f, 0xff, 0x57,
	0xe6, 0x00, 0x04, 0xf7, 0xff, 0x6e, 0xaf, 0x57, 0x1f, 0x00, 0x04, 0xc5,
	0x5d, 0x40, 0x1b, 0x8d, 0xf0, 0xce, 0xc2, 0x01, 0xf9, 0xc0, 0xdd, 0x9d,
	0x64, 0x18, 0xc1, 0x12, 0x23, 0xff, 0xc2, 0x05, 0xbd, 0xd8, 0x00, 0x06,
	0x78, 0x02, 0xdf, 0xdf, 0xff, 0x1f, 0x00, 0x04, 0xc5, 0x5d, 0x40, 0x1b,
	0x8f, 0xf1, 0xce, 0xc2, 0x01, 0xf9, 0xc0, 0xdd, 0x9e, 0x64, 0x18, 0xc0,
	0x05, 0x67, 0xff, 0xc2, 0x2f, 0xff, 0xd8, 0x00, 0x00, 0x98, 0x00, 0xa0,
	0x21, 0xff, 0x09, 0x00, 0x04, 0xc5, 0x5d, 0x40, 0x1b, 0x82, 0x01, 0x00,
	0x02, 0xfd, 0x00, 0x11, 0x03, 0x02, 0x40, 0x01, 0x12, 0x44, 0x00, 0x02,
	0x2f, 0xbf, 0xd8, 0x00, 0x07, 0x47, 0xfd, 0xff, 0xff, 0xfd, 0xfb, 0x00,
	0x11, 0x62, 0x01, 0x30, 0x0c, 0x61, 0xd8, 0x0f, 0x05, 0x9e, 0x40, 0x80,
	0x41, 0x12, 0x67, 0x00, 0x3c, 0x40, 0x40, 0xfe, 0x00, 0x04, 0xe0, 0x00,
	0xdf, 0xdf, 0xff, 0xfb, 0x00, 0x0e, 0x05, 0xd0, 0x86, 0xc0, 0x01, 0xf9,
	0x00, 0x5d, 0x9d, 0x64, 0x18, 0xc1, 0x17, 0x67, 0xc5, 0xfc, 0x00, 0x02,
	0x01, 0xbf, 0xfd, 0xfe, 0xff, 0xe6, 0x00, 0x04, 0x7f, 0xfd, 0xdf, 0xdf,
	0xff, 0x0e, 0xa0, 0x08, 0x2a, 0xaa, 0xa0, 0x21, 0x47, 0xa0, 0x88, 0x04,
	0x00, 0xb0, 0x82, 0x88, 0x06, 0xfd, 0x00, 0x0c, 0x01, 0x7d, 0xe4, 0x01,
	0x74, 0xaa, 0x00, 0x01, 0x34, 0x05, 0xaf, 0xaf, 0xff, 0x1f, 0xa0, 0x0b,
	0x2a, 0xaa, 0xa2, 0x25, 0xd7, 0xae, 0xa9, 0x35, 0x9e, 0xf6, 0xb2, 0xaa,
	0x6e, 0x99, 0x27, 0x3e, 0xea, 0x9b, 0xff, 0xed, 0x97, 0xf9, 0xaa, 0x00,
	0x01, 0xe4, 0x04, 0xd0, 0x52, 0xfa, 0x0e, 0xa0, 0x08, 0x2a, 0xaa, 0xa0,
	0x21, 0x40, 0x00, 0x20, 0x04, 0x00, 0x40, 0x00, 0x00, 0x08, 0xfc, 0x00,
	0x0b, 0x82, 0x0c, 0x05, 0x51, 0xaa, 0x00, 0x00, 0x1b, 0xfb, 0x7f, 0xff,
	0xef, 0xfb, 0x00, 0x08, 0x82, 0x40, 0x74, 0x00, 0x00, 0xe0, 0x05, 0x08,
	0x0a, 0xfd, 0x00, 0x0c, 0x01, 0xaa, 0x98, 0x02, 0x8e, 0x00, 0x00, 0x03,
	0xd0, 0x01, 0x2f, 0xaf, 0xff, 0xfb, 0x00, 0x08, 0x02, 0xa0, 0x80, 0x00,
	0x00, 0xb0, 0x80, 0x88, 0x0e, 0xfe, 0x00, 0x03, 0x02, 0x03, 0xff, 0xa0,
	0xfc, 0x00, 0x00, 0x3f, 0xfd, 0xff, 0xe6, 0x00, 0xff, 0xff, 0x02, 0xef,
	0xaf, 0xff, 0x1c, 0xf0, 0x10, 0x00, 0x04, 0x00, 0x00, 0x83, 0xc0, 0x50,
	0x00, 0x00, 0xe0, 0x01, 0x80, 0x06, 0x00, 0x00, 0x01, 0x02, 0x01, 0x20,
	0x98, 0x41, 0x50, 0xa4, 0x00, 0x03, 0x78, 0x07, 0xfe, 0xff, 0x1f, 0xf0,
	0x14, 0x80, 0x04, 0x00, 0x04, 0x97, 0xd1, 0x53, 0x4a, 0x42, 0xe9, 0x49,
	0xaa, 0x96, 0xa5, 0x28, 0x89, 0x4a, 0xa5, 0xf1, 0x9a, 0x55, 0xd0, 0xa4,
	0x00, 0x00, 0x50, 0x03, 0x00, 0x01, 0x7f, 0x06, 0xf0, 0x10, 0x00, 0x04,
	0x00, 0x00, 0x84, 0xfb, 0x00, 0x00, 0x08, 0xfe, 0x00, 0x03, 0x01, 0x00,
	0x00, 0xd1, 0xfe, 0x00, 0x04, 0xa4, 0x00, 0x02, 0x47, 0xfa, 0xfe, 0xff,
	0xfb, 0x00, 0x02, 0x44, 0x00, 0x28, 0xfe, 0x00, 0x02, 0x02, 0x08, 0x04,
	0xfe, 0x00, 0x0a, 0x02, 0x01, 0xf1, 0x00, 0x04, 0x88, 0x00, 0x00, 0x01,
	0xe0, 0x02, 0xfe, 0xff, 0xfb, 0x00, 0x00, 0x03, 0xfd, 0x00, 0x0a, 0x60,
	0x00, 0x00, 0x06, 0x00, 0x00, 0x01, 0x00, 0x00, 0xf1, 0x90, 0xfd, 0x00,
	0x02, 0x01, 0xb7, 0xfb, 0xfe, 0xff, 0xef, 0x00, 0x01, 0x02, 0x01, 0xfa,
	0x00, 0x01, 0x77, 0xfb, 0xfe, 0xff, 0x02, 0x68, 0xa0, 0x40, 0xfe, 0x00,
	0x0b, 0x03, 0x80, 0x0c, 0x00, 0x11, 0x00, 0x02, 0x80, 0x02, 0x00, 0x02,
	0x23, 0xfc, 0x00, 0x08, 0x80, 0x00, 0x00, 0x81, 0x3c, 0x17, 0xbf, 0xff,
	0xff, 0x1f, 0x68, 0xa4, 0x59, 0xc9, 0x5a, 0x77, 0x3b, 0xa6, 0xad, 0x4a,
	0x55, 0x09, 0x4a, 0xb2, 0x96, 0xa5, 0x2a, 0xa9, 0x4a, 0xa5, 0xee, 0x67,
	0x3a, 0xa7, 0x59, 0x80, 0x81, 0xf0, 0x16, 0x4a, 0x88, 0xaa, 0x02, 0xe8,
	0xa0, 0x40, 0xfc, 0x00, 0x02, 0x20, 0x00, 0x10, 0xfe, 0x00, 0x06, 0x04,
	0x00, 0x00, 0x22, 0x00, 0x01, 0x60, 0xfc, 0x00, 0x02, 0x80, 0x03, 0xeb,
	0xfe, 0xff, 0xfb, 0x00, 0x02, 0x02, 0x00, 0x30, 0xfe, 0x00, 0x08, 0x01,
	0x00, 0x06, 0x00, 0x00, 0x02, 0x00, 0x01, 0x60, 0xfc, 0x00, 0x05, 0x03,
	0xc0, 0x03, 0xbf, 0xff, 0xff, 0xfb, 0x00, 0x02, 0x02, 0x80, 0x08, 0xfd,
	0x00, 0x0a, 0x80, 0x02, 0x00, 0x00, 0x23, 0x02, 0x01, 0xe0, 0x00, 0x00,
	0x80, 0xfe, 0x00, 0x00, 0x33, 0xfd, 0xff, 0xe6, 0x00, 0x00, 0xf3, 0xfd,
	0xff, 0x02, 0xb0, 0x11, 0x80, 0xfe, 0x00, 0x0c, 0x05, 0x80, 0x38, 0x00,
	0x10, 0x00, 0x02, 0x80, 0x06, 0x00, 0x02, 0x23, 0x10, 0xfe, 0x00, 0x06,
	0x80, 0x00, 0x00, 0x04, 0x46, 0x70, 0x0f, 0xfe, 0xff, 0x1f, 0xb0, 0x15,
	0xa5, 0x29, 0x62, 0x94, 0x97, 0xa8, 0xbd, 0x39, 0xd4, 0xe7, 0x3a, 0xaa,
	0xf6, 0xbd, 0xca, 0xab, 0x55, 0x3d, 0xd0, 0x92, 0xd2, 0x29, 0x62, 0x44,
	0x44, 0x90, 0x04, 0x04, 0x00, 0x7d, 0x02, 0xb0, 0x11, 0x80, 0xfe, 0x00,
	0x02, 0x02, 0x00, 0x04, 0xfe, 0x00, 0x00, 0x02, 0xfd, 0x00, 0x00, 0x02,
	0xfd, 0x00, 0x06, 0x40, 0x00, 0x00, 0x04, 0x47, 0x8f, 0xf7, 0xfe, 0xff,
	0x00, 0x40, 0xfc, 0x00, 0x02, 0x06, 0x00, 0x04, 0xfe, 0x00, 0x06, 0x01,
	0x00, 0x04, 0x00, 0x00, 0x21, 0x10, 0xfe, 0x00, 0x00, 0x40, 0xfe, 0x00,
	0x02, 0x01, 0xe0, 0x07, 0xfe, 0xff, 0xfb, 0x00, 0x00, 0x05, 0xfa, 0x00,
	0x06, 0x06, 0x00, 0x00, 0x23, 0x00, 0x01, 0xc0, 0xfb, 0x00, 0x01, 0xff,
	0xf7, 0xfe, 0xff, 0xef, 0x00, 0x00, 0x10, 0xf9, 0x00, 0x01, 0x7f, 0xf7,
	0xfe, 0xff, 0x1c, 0xa0, 0x31, 0x00, 0x00, 0x08, 0x00, 0x07, 0x80, 0x3c,
	0x00, 0x03, 0x10, 0x03, 0x80, 0x02, 0x00, 0x02, 0x23, 0x10, 0x01, 0x00,
	0x00, 0xc0, 0x00, 0x08, 0x0a, 0xa8, 0xb4, 0x5f, 0xfe, 0xff, 0x1f, 0xa0,
	0x35, 0x25, 0x29, 0x4a, 0x94, 0x97, 0xa6, 0xbd, 0x08, 0x4b, 0x11, 0x0b,
	0xa6, 0x92, 0xa5, 0x2a, 0xab, 0x45, 0x25, 0xec, 0x92, 0xd2, 0xa9, 0x4b,
	0xca, 0xa8, 0xd4, 0x10, 0x2a, 0xa8, 0x2a, 0x04, 0xa0, 0x31, 0x00, 0x00,
	0x08, 0xfa, 0x00, 0x08, 0x03, 0x00, 0x02, 0x00, 0x02, 0x00, 0x10, 0x00,
	0x40, 0xfe, 0x00, 0x04, 0x08, 0x0a, 0xab, 0x8b, 0xa7, 0xfe, 0xff, 0xfb,
	0x00, 0x00, 0x02, 0xf7, 0x00, 0x05, 0x23, 0x10, 0x01, 0x40, 0x00, 0x80,
	0xfe, 0x00, 0x02, 0x03, 0x80, 0x07, 0xfe, 0xff, 0xfb, 0x00, 0x02, 0x02,
	0x80, 0x08, 0xfd, 0x00, 0x09, 0x80, 0x02, 0x00, 0x02, 0x21, 0x10, 0x01,
	0xe0, 0x00, 0xc0, 0xfd, 0x00, 0x01, 0x5f, 0xb7, 0xfe, 0xff, 0xf0, 0x00,
	0x00, 0x02, 0xf8, 0x00, 0x01, 0x9f, 0xb7, 0xfe, 0xff, 0x0d, 0x00, 0x10,
	0x00, 0x00, 0x18, 0x00, 0x07, 0x40, 0x7c, 0x00, 0x03, 0x40, 0x02, 0x08,
	0xfe, 0x00, 0x0b, 0x20, 0x10, 0x81, 0x00, 0x00, 0xc0, 0x00, 0x18, 0x17,
	0xe1, 0xf0, 0x2f, 0xfe, 0xff, 0x1f, 0x00, 0x14, 0xa5, 0x29, 0x5a, 0x94,
	0x97, 0xd1, 0x7d, 0x4a, 0x4b, 0xe9, 0x4a, 0x2a, 0x94, 0xa5, 0x28, 0x8b,
	0x5a, 0xa4, 0xe2, 0x92, 0xd2, 0xa9, 0x5a, 0x17, 0xf1, 0xa0, 0x08, 0x75,
	0x50, 0x70, 0x0c, 0x00, 0x10, 0x00, 0x00, 0x18, 0x00, 0x00, 0x80, 0x40,
	0x00, 0x00, 0xa0, 0x02, 0xfd, 0x00, 0x03, 0x23, 0x00, 0x00, 0xe0, 0xfe,
	0x00, 0x04, 0x18, 0x17, 0xe3, 0xaf, 0xdf, 0xfe, 0xff, 0xfa, 0x00, 0x06,
	0x80, 0x10, 0x00, 0x00, 0xa0, 0x01, 0x80, 0xfe, 0x00, 0x05, 0x23, 0x10,
	0x80, 0xe0, 0x00, 0x40, 0xfe, 0x00, 0x02, 0x1e, 0xe0, 0x0f, 0xfe, 0xff,
	0xfb, 0x00, 0x02, 0x03, 0x40, 0x7c, 0xf9, 0x00, 0x05, 0x23, 0x08, 0x81,
	0xe0, 0x00, 0x40, 0xfd, 0x00, 0x01, 0x6f, 0xdf, 0xfe, 0xff, 0xef, 0x00,
	0x00, 0x10, 0xfa, 0x00, 0x02, 0x01, 0xef, 0xdf, 0xfe, 0xff, 0x0d, 0x88,
	0xa0, 0x00, 0x10, 0x10, 0x00, 0x07, 0x60, 0xd0, 0x00, 0x23, 0xf0, 0x03,
	0x88, 0xfe, 0x00, 0x0e, 0x42, 0x08, 0x81, 0x01, 0x08, 0xc4, 0x10, 0x08,
	0x0e, 0xf8, 0xb1, 0x5f, 0xff, 0xfa, 0xfe, 0x1f, 0x88, 0xab, 0x59, 0xd7,
	0x5a, 0x74, 0x97, 0xce, 0xfd, 0x35, 0xab, 0xf6, 0xb3, 0xaa, 0x93, 0x25,
	0x27, 0x6a, 0xea, 0x24, 0xdd, 0x6a, 0x55, 0x57, 0x5d, 0xce, 0xfa, 0x70,
	0x42, 0xea, 0xad, 0x28, 0x08, 0x88, 0xa0, 0x00, 0x10, 0x10, 0x00, 0x00,
	0xa0, 0x2c, 0xfe, 0x00, 0x01, 0x03, 0x08, 0xfe, 0x00, 0x0e, 0x40, 0x00,
	0x01, 0x40, 0x00, 0x80, 0x00, 0x08, 0x0e, 0xf6, 0x0e, 0xbf, 0xbf, 0xff,
	0xfe, 0x0c, 0x00, 0x08, 0x40, 0x00, 0x08, 0x00, 0x02, 0xa0, 0xec, 0x04,
	0x00, 0xa0, 0x80, 0xfd, 0x00, 0x0e, 0x02, 0x08, 0x01, 0x40, 0x08, 0x80,
	0x00, 0x14, 0x00, 0x07, 0xc0, 0x1f, 0xbf, 0xfa, 0xfe, 0xfb, 0x00, 0x07,
	0x03, 0xe0, 0x78, 0x00, 0x00, 0xe0, 0x00, 0x08, 0xfe, 0x00, 0x0a, 0x60,
	0x00, 0x81, 0xc0, 0x08, 0xc0, 0x00, 0x08, 0x00, 0x0b, 0xfe, 0xfd, 0xff,
	0xf9, 0x00, 0x00, 0x80, 0xf9, 0x00, 0x01, 0x02, 0x08, 0xf9, 0x00, 0x04,
	0xfe, 0xff, 0xff, 0xfa, 0xff, 0x1f, 0x00, 0x18, 0x44, 0x00, 0x38, 0x02,
	0x2e, 0x31, 0x26, 0xc6, 0x77, 0xb9, 0xcd, 0xdd, 0x48, 0xca, 0x48, 0xf4,
	0x11, 0x5a, 0x22, 0x95, 0xae, 0xb8, 0x9e, 0x37, 0xa5, 0xe0, 0xbf, 0xff,
	0xfd, 0xfc, 0x1f, 0x00, 0x1c, 0xc5, 0x31, 0x39, 0x13, 0x2b, 0xd1, 0xde,
	0xce, 0x77, 0xf9, 0xcd, 0xdd, 0x48, 0xda, 0xd8, 0xc7, 0x0c, 0x93, 0xc3,
	0x19, 0xee, 0xb8, 0x9e, 0x3f, 0xe5, 0x20, 0x17, 0xfd, 0xc2, 0x03, 0x1c,
	0x00, 0x18, 0x64, 0x00, 0x3c, 0x02, 0x0d, 0xa0, 0x38, 0x04, 0x44, 0x48,
	0x08, 0x01, 0x48, 0x02, 0x00, 0xf3, 0x19, 0xc0, 0x21, 0x8c, 0x40, 0x10,
	0x90, 0x37, 0xa1, 0x1f, 0x69, 0xfe, 0xff, 0x1f, 0x00, 0x04, 0xc4, 0x30,
	0x01, 0x01, 0x07, 0xb1, 0x3c, 0x08, 0x01, 0xf0, 0x02, 0x04, 0x00, 0x10,
	0x90, 0x77, 0x19, 0xd2, 0x23, 0x9d, 0xe4, 0x18, 0x0c, 0x08, 0x5b, 0x80,
	0x29, 0xff, 0xfd, 0xfc, 0xfb, 0x00, 0x16, 0x0f, 0xe0, 0xfe, 0x04, 0x47,
	0xf8, 0x00, 0x0d, 0x48, 0x00, 0x00, 0xf3, 0x1d, 0xd9, 0xe3, 0x9d, 0xe4,
	0x08, 0x9c, 0x00, 0x06, 0xbf, 0x7f, 0xfe, 0xff, 0xfb, 0x00, 0x01, 0x40,
	0x11, 0xfb, 0x00, 0x05, 0x24, 0x00, 0x00, 0x04, 0x00, 0x02, 0xfd, 0x00,
	0x07, 0x20, 0x00, 0x01, 0xbf, 0x7f, 0xff, 0xfd, 0xfc, 0x1f, 0xa2, 0x0f,
	0xfc, 0x20, 0x5e, 0x03, 0x30, 0x00, 0x07, 0xff, 0xdd, 0x5f, 0x7f, 0xff,
	0xe3, 0x2b, 0xbd, 0xc0, 0x40, 0x00, 0x18, 0x97, 0x0e, 0x3b, 0xe7, 0x1b,
	0xec, 0xd1, 0x7f, 0xff, 0xfa, 0xfa, 0x06, 0xa2, 0x0f, 0xfd, 0x6e, 0xfe,
	0xef, 0x4f, 0xfe, 0xff, 0xff, 0xf7, 0x13, 0xdf, 0xf7, 0xef, 0xaf, 0xfd,
	0xff, 0xbf, 0xff, 0xef, 0xbd, 0xfe, 0xae, 0xdf, 0x5b, 0xef, 0x90, 0x68,
	0x0a, 0xa5, 0x24, 0x1f, 0xa2, 0x0c, 0xa8, 0x20, 0x54, 0x00, 0x75, 0x40,
	0x00, 0x58, 0x2a, 0x88, 0xa0, 0x08, 0x4e, 0x81, 0x00, 0x15, 0x55, 0x50,
	0x55, 0x3a, 0xf1, 0xd5, 0x11, 0x01, 0x40, 0x2e, 0xb5, 0x5f, 0xff, 0xfe,
	0xff, 0x00, 0x1d, 0xa8, 0x60, 0xa0, 0x0c, 0x75, 0x6a, 0x86, 0x02, 0xaa,
	0xdf, 0xaa, 0xaf, 0xcc, 0xd4, 0x40, 0xd5, 0x55, 0x50, 0x5d, 0x2f, 0xf8,
	0xaf, 0xd7, 0x44, 0x12, 0x40, 0x35, 0x5f, 0xfa, 0xfa, 0xfb, 0x00, 0x0a,
	0x3f, 0xff, 0xfe, 0x0a, 0xff, 0xff, 0xea, 0xbd, 0x4a, 0x00, 0x00, 0xfe,
	0xff, 0x0b, 0xf7, 0x3f, 0xaa, 0x35, 0x7e, 0x08, 0x0d, 0xfe, 0xfd, 0x5f,
	0xff, 0xff, 0xfb, 0x00, 0x02, 0x80, 0x2a, 0x80, 0xfd, 0x00, 0x03, 0x02,
	0xb0, 0x00, 0x02, 0xfe, 0x00, 0x0b, 0x08, 0xc0, 0x00, 0x0a, 0x80, 0xa0,
	0x02, 0xfe, 0xfd, 0x5f, 0xfa, 0xfb, 0x11, 0x00, 0x1b, 0xfe, 0xf1, 0xff,
	0x1f, 0x80, 0x01, 0x05, 0x1d, 0xfe, 0x20, 0x0b, 0xe0, 0x2f, 0xd5, 0x7d,
	0xc8, 0xfe, 0x00, 0x06, 0x0e, 0xff, 0x68, 0x00, 0xff, 0xf9, 0xe0, 0xfe,
	0xff, 0x00, 0xfc, 0x11, 0x00, 0x1a, 0x8e, 0x91, 0xff, 0x1f, 0xff, 0xff,
	0xfb, 0x1f, 0xff, 0xdf, 0xf7, 0xbf, 0xdf, 0xd5, 0x7f, 0xf7, 0xfc, 0xff,
	0x08, 0x5f, 0xff, 0xf3, 0xff, 0xc0, 0xea, 0xff, 0xf0, 0x00, 0x11, 0x00,
	0x1d, 0xfe, 0xf1, 0x00, 0x00, 0x60, 0x00, 0x06, 0x02, 0x01, 0xaa, 0xbc,
	0x5a, 0x30, 0x04, 0x02, 0x28, 0xfe, 0x00, 0x0a, 0x71, 0x00, 0xb0, 0x00,
	0x0c, 0x05, 0x1f, 0x36, 0xff, 0xdf, 0xfc, 0xff, 0x00, 0x1d, 0xce, 0xd1,
	0x00, 0x01, 0xe0, 0x1e, 0xc6, 0xe3, 0xff, 0xaa, 0xbf, 0xfa, 0x3c, 0x2a,
	0x83, 0x68, 0x00, 0x01, 0x00, 0x7f, 0xf0, 0x10, 0x00, 0xf0, 0x07, 0x00,
	0x36, 0xff, 0xdf, 0xfc, 0x09, 0x00, 0x01, 0x30, 0x20, 0x00, 0x03, 0xff,
	0xff, 0xfd, 0x05, 0xfd, 0xff, 0x02, 0xfc, 0x00, 0x11, 0xfc, 0xff, 0x06,
	0xfc, 0x77, 0xff, 0xfc, 0x1c, 0xdf, 0xfe, 0xfe, 0xff, 0xfa, 0x00, 0x01,
	0x1f, 0xc0, 0xf7, 0x00, 0x00, 0x01, 0xfe, 0x00, 0x05, 0x08, 0x00, 0x00,
	0x03, 0xdf, 0xfe, 0xfe, 0xff, 0x00,
};
const ULONG about_picturebody_size = 31146;

const UBYTE about_palette[204] = {
	0x02, 0x04, 0x41, 0xe8, 0xec, 0xff, 0x00, 0xff, 0x78, 0x51, 0x4f, 0x68,
	0x27, 0x49, 0x64, 0x0b, 0x13, 0x72, 0x1f, 0x0b, 0x47, 0x15, 0x25, 0x48,
	0x24, 0x27, 0x64, 0x3b, 0x0a, 0x4c, 0x3a, 0x2c, 0x4c, 0x0a, 0x29, 0x8a,
	0x23, 0x3f, 0x8a, 0x52, 0x86, 0x8d, 0x42, 0x46, 0x78, 0x39, 0x6a, 0x68,
	0x06, 0x28, 0xb4, 0x89, 0x89, 0x90, 0x97, 0x9e, 0xc0, 0x51, 0x4e, 0x89,
	0x2d, 0x2d, 0xb1, 0x3d, 0x70, 0x8e, 0x7e, 0xd9, 0xe1, 0x69, 0x5d, 0x75,
	0x3d, 0x55, 0xb8, 0x1d, 0x5c, 0xba, 0x10, 0x42, 0xca, 0x72, 0x74, 0x8c,
	0x98, 0x61, 0x6d, 0x6e, 0x6e, 0xa5, 0x63, 0x71, 0xb2, 0x66, 0x8c, 0x95,
	0x88, 0x86, 0x71, 0x52, 0x95, 0xa8, 0x6a, 0xae, 0x95, 0x7e, 0x87, 0xb4,
	0x23, 0x71, 0xe2, 0x56, 0x5a, 0xe1, 0xae, 0x77, 0x7c, 0x45, 0x8c, 0xd1,
	0xcd, 0xc5, 0xc9, 0xa4, 0x92, 0x6c, 0x64, 0x76, 0xdf, 0xa0, 0x9e, 0x8e,
	0x69, 0xb5, 0xb1, 0x43, 0x91, 0xec, 0xbc, 0x89, 0x93, 0x7c, 0x90, 0xe7,
	0x75, 0xb5, 0xcb, 0x4b, 0xa7, 0xf3, 0x7d, 0xc7, 0xb9, 0xc6, 0xd3, 0xf6,
	0xfc, 0xfe, 0xfe, 0xbd, 0xb9, 0x83, 0x70, 0xb2, 0xf0, 0xb8, 0xb6, 0xae,
	0xce, 0xb2, 0x9e, 0x9e, 0xaf, 0xef, 0xb9, 0xb8, 0xdb, 0xad, 0xdd, 0xd8,
	0xda, 0xd3, 0x8f, 0x8d, 0xdb, 0xfb, 0xe7, 0xda, 0xcf, 0xb6, 0xef, 0xfe,
	0x47, 0x52, 0x41, 0x42, 0x00, 0x00, 0x00, 0x04, 0x00, 0x80, 0x00, 0x60,
};
const ULONG about_palette_size = 204;

